objectid,title,date,date-is-approximate?,creator,recipient,description,item_information,subject,location,latitude,longitude,related_publication,publisher-digital,source,findingaid,original-identifier,identifier,rights,rightsstatement,type,format,language,relation,display_template,object_location,image_small,image_thumb
psychiana001,"Psychiana, A Mail Order Religion Created in the Small Town of Moscow, Idaho in 1940",2019-08-28,,Northwest Public Broadcasting,,"Short video describing Psychiana, a mail order religion that preached the New Thought Movement. In 1928, Dr. Frank B. Robinson created Psychiana in Moscow, Idaho.",youtube video,Religion; Frank B. Robinson,,,,,Northwest Public Broadcasting,Northwest Public Broadcasting,,,,"Educational use includes non-commercial use of text and images in materials for teaching and research purposes. Digital reproduction permissions granted by University of Idaho Library Special Collections and Archives Department. For other uses beyond free use, please contact University of Idaho Library Special Collections and Archives Department at libspec@uidaho.edu.",https://rightsstatements.org/vocab/InC-EDU/1.0/,Audio,video/mpeg,eng,,video,https://youtu.be/x6eu5wj8b04,https://img.youtube.com/vi/x6eu5wj8b04/hqdefault.jpg,https://img.youtube.com/vi/x6eu5wj8b04/mqdefault.jpg
psychiana002,Good News,1947,yes,The Izzard Company,,"Radio program corresponding with transcript of Radio Psychiana - Series for Dr. Frank B. Robinson No. 3. Episode begins proclaiming the growth of Pyschiana and then takes listeners to Robinson's home in Moscow, Idaho, describing its appearance. A dialogue begins between a 'guide' and Robinson about miracles, healing, the God-Law, the mail Robinson receives, and the 'Life Impulse' or 'motivating spirit' that allows people to think and live with God.",radio program,God-Law; Life Spirit; Mircales; Healing; Sudent Letters; Testimonials,"Springfield, IL",39.770372,-89.639463,Good News,"University of Idaho Library Digital Initiatives, https://www.lib.uidaho.edu/digital/","MG 101, Frank Bruce Robinson. Papers, 1929-1951, University of Idaho Library Special Collections and Archives",https://archiveswest.orbiscascade.org/ark:/80444/xv97133/op=fstyle.aspx?t=k&q=psychiana,"MG-101, Box 5, Tapes",good_news_06,"Educational use includes non-commercial use of text and images in materials for teaching and research purposes. Digital reproduction permissions granted by University of Idaho Library Special Collections and Archives Department. For other uses beyond free use, please contact University of Idaho Library Special Collections and Archives Department at libspec@uidaho.edu.",https://rightsstatements.org/vocab/InC-EDU/1.0/,Sound,audio/mp3,eng,https://archiveswest.orbiscascade.org/ark:/80444/xv97133/op=fstyle.aspx?t=k&q=psychiana,audio,https://www.lib.uidaho.edu/collectionbuilder/demo-objects/good_news_06.mp3,,
psychiana003,Good News - Man's Quest,1946,yes,,,"Radio program episode discusses man's quest for answers, then introduces Robinson and his concept of the Cosmic God-Power. Robinson discusses the God-Power, reads a student letter asking for help, and uses the discovery of the 'cosmic ray' by Professor Milikan as evidence that there is invisible power around us. Robinson claims this Power is for our use and can bring anyone what they desire. Also includes a testimonial from a man claimed to live in Holland.",radio program,"Spirit of God, God-Power;  Cosmic Rays; Science and Technology; Student Letters; Hardship; Material Abundance; Testimonials",,,,Good News,"University of Idaho Library Digital Initiatives, https://www.lib.uidaho.edu/digital/","MG 101, Frank Bruce Robinson. Papers, 1929-1951, University of Idaho Library Special Collections and Archives",https://archiveswest.orbiscascade.org/ark:/80444/xv97133/op=fstyle.aspx?t=k&q=psychiana,"MG-101, Box 5, Tapes",good_news_05,"Educational use includes non-commercial use of text and images in materials for teaching and research purposes. Digital reproduction permissions granted by University of Idaho Library Special Collections and Archives Department. For other uses beyond free use, please contact University of Idaho Library Special Collections and Archives Department at libspec@uidaho.edu.",https://rightsstatements.org/vocab/InC-EDU/1.0/,Sound,audio/mp3,eng,https://archiveswest.orbiscascade.org/ark:/80444/xv97133/op=fstyle.aspx?t=k&q=psychiana,audio,https://www.lib.uidaho.edu/collectionbuilder/demo-objects/good_news_05.mp3,,
psychiana004,Good News - Purpose of the Program,1947,yes,,,"Radio program episode outlines the purpose of the 'Good News' radio program, to broadcast positive and peaceful things rather than negative. Episode includes organ music and songs sung by Al Marino, jokes made in the face of war, and urges listeners to buy quality-made products for better piece of mind.",radio program,Peace; Good News; Quality Products; World War; Organ,,,,Good News,"University of Idaho Library Digital Initiatives, https://www.lib.uidaho.edu/digital/","MG 101, Frank Bruce Robinson. Papers, 1929-1951, University of Idaho Library Special Collections and Archives",https://archiveswest.orbiscascade.org/ark:/80444/xv97133/op=fstyle.aspx?t=k&q=psychiana,"MG-101, Box 5, Tapes",good_news_04,"Educational use includes non-commercial use of text and images in materials for teaching and research purposes. Digital reproduction permissions granted by University of Idaho Library Special Collections and Archives Department. For other uses beyond free use, please contact University of Idaho Library Special Collections and Archives Department at libspec@uidaho.edu.",https://rightsstatements.org/vocab/InC-EDU/1.0/,Sound,audio/mp3,eng,https://archiveswest.orbiscascade.org/ark:/80444/xv97133/op=fstyle.aspx?t=k&q=psychiana,audio,https://www.lib.uidaho.edu/collectionbuilder/demo-objects/good_news_04.mp3,,
psychiana005,I Talked With God Advertisement,1935,yes,,,"Photograph of Psychiana Advertisement pinned to a board, reads 'I TALKED WITH GOD...'",single-page; photographs,Advertising,"Spokane, WA",47.65557,-117.419063,,"University of Idaho Library Digital Initiatives, https://www.lib.uidaho.edu/digital/","MG 101, Frank Bruce Robinson. Papers, 1929-1951, University of Idaho Library Special Collections and Archives",https://archiveswest.orbiscascade.org/ark:/80444/xv97133/op=fstyle.aspx?t=k&q=psychiana,"MG-101, Box 6, Folder - 'Frank B. Robinson Negatives'",mg101_b6_frank_robinson_negatives_009,"Educational use includes non-commercial use of text and images in materials for teaching and research purposes. Digital reproduction permissions granted by University of Idaho Library Special Collections and Archives Department. For other uses beyond free use, please contact University of Idaho Library Special Collections and Archives Department at libspec@uidaho.edu.",https://rightsstatements.org/vocab/InC-EDU/1.0/,Image;StillImage,image/jpeg,eng,https://archiveswest.orbiscascade.org/ark:/80444/xv97133/op=fstyle.aspx?t=k&q=psychiana,image,https://www.lib.uidaho.edu/collectionbuilder/demo-objects/mg101_b6_frank_robinson_negatives_009.jpg,https://www.lib.uidaho.edu/collectionbuilder/demo-objects/small/mg101_b6_frank_robinson_negatives_009_sm.jpg,https://www.lib.uidaho.edu/collectionbuilder/demo-objects/thumbs/mg101_b6_frank_robinson_negatives_009_th.jpg
psychiana006,The Amazing Story of 'Psychiana',1935/1950,yes,"Psychiana, Inc.",,Small card advertising a brochure about Psychiana for only $1.00. Includes detachable order form.,single-page; offers,Psychiana Headquarters; Psychiana Staff; Costs,,,,,"University of Idaho Library Digital Initiatives, https://www.lib.uidaho.edu/digital/","MG 101, Frank Bruce Robinson. Papers, 1929-1951, University of Idaho Library Special Collections and Archives",https://archiveswest.orbiscascade.org/ark:/80444/xv97133/op=fstyle.aspx?t=k&q=psychiana,"MG-101, Box 7, Folder 26",mg101_b7_f26_107,"Educational use includes non-commercial use of text and images in materials for teaching and research purposes. Digital reproduction permissions granted University of Idaho Library Special Collections and Archives Department. For other uses beyond free use, please contact University of Idaho Library Special Collections and Archives Department at libspec@uidaho.edu.",https://rightsstatements.org/vocab/InC-EDU/1.0/,Text,application/pdf,eng,https://archiveswest.orbiscascade.org/ark:/80444/xv97133/op=fstyle.aspx?t=k&q=psychiana,pdf,https://www.lib.uidaho.edu/collectionbuilder/demo-objects/mg101_b7_f26_107.pdf,https://www.lib.uidaho.edu/collectionbuilder/demo-objects/small/mg101_b7_f26_107_sm.jpg,https://www.lib.uidaho.edu/collectionbuilder/demo-objects/thumbs/mg101_b7_f26_107_th.jpg
psychiana007,Untitled illustration of hungry man,1942,yes,,,"A flyer featuring an untitled illustration of a man standing outside of a restaurant, looking hungrily at food he cannot afford to buy.",single-page; flyers,"Material Abundance; God-Realm; Wealth; Spirit of God, God-Power;  Hardships; Illustrations",,,,,"University of Idaho Library Digital Initiatives, https://www.lib.uidaho.edu/digital/","MG 101, Frank Bruce Robinson. Papers, 1929-1951, University of Idaho Library Special Collections and Archives",https://archiveswest.orbiscascade.org/ark:/80444/xv97133/op=fstyle.aspx?t=k&q=psychiana,"MG-101, Box 7, Folder 13",mg101_b7_f13_007,"Educational use includes non-commercial use of text and images in materials for teaching and research purposes. Digital reproduction permissions granted University of Idaho Library Special Collections and Archives Department. For other uses beyond free use, please contact University of Idaho Library Special Collections and Archives Department at libspec@uidaho.edu.",https://rightsstatements.org/vocab/InC-EDU/1.0/,Text,application/pdf,eng,https://archiveswest.orbiscascade.org/ark:/80444/xv97133/op=fstyle.aspx?t=k&q=psychiana,pdf,https://www.lib.uidaho.edu/collectionbuilder/demo-objects/mg101_b7_f13_007.pdf,https://www.lib.uidaho.edu/collectionbuilder/demo-objects/small/mg101_b7_f13_007_sm.jpg,https://www.lib.uidaho.edu/collectionbuilder/demo-objects/thumbs/mg101_b7_f13_007_th.jpg
psychiana008,"Label of a photograph mailed from Frank B. Robinson to his son, Albert B. Robinson",1948-01-20,,,,"Photograph of a brown paper label torn from a package used to mail a photograph from Frank B. Robinson to Alfred B. Robinson, including addresses and postage.",single-page; photographs,Mailings; Alfred B. Robinson,,,,,"University of Idaho Library Digital Initiatives, https://www.lib.uidaho.edu/digital/","MG 101, Frank Bruce Robinson. Papers, 1929-1951, University of Idaho Library Special Collections and Archives",https://archiveswest.orbiscascade.org/ark:/80444/xv97133/op=fstyle.aspx?t=k&q=psychiana,"MG-101, Box 6, Folder - 'Photographs'",mg101_b6_photographs_26,"Educational use includes non-commercial use of text and images in materials for teaching and research purposes. Digital reproduction permissions granted by University of Idaho Library Special Collections and Archives Department. For other uses beyond free use, please contact University of Idaho Library Special Collections and Archives Department at libspec@uidaho.edu.",https://rightsstatements.org/vocab/InC-EDU/1.0/,Image;StillImage,image/jpeg,eng,https://archiveswest.orbiscascade.org/ark:/80444/xv97133/op=fstyle.aspx?t=k&q=psychiana,image,https://www.lib.uidaho.edu/collectionbuilder/demo-objects/mg101_b6_photographs_26.jpg,https://www.lib.uidaho.edu/collectionbuilder/demo-objects/small/mg101_b6_photographs_26_sm.jpg,https://www.lib.uidaho.edu/collectionbuilder/demo-objects/thumbs/mg101_b6_photographs_26_th.jpg
psychiana009,The Light Within,1942,yes,,,A flyer featuring an illustration of a lighthouse on the coast representing the light of God within the viewer.,single-page; flyers,"Spirit of God, God-Power; Truth; Illustrations",,,,,"University of Idaho Library Digital Initiatives, https://www.lib.uidaho.edu/digital/","MG 101, Frank Bruce Robinson. Papers, 1929-1951, University of Idaho Library Special Collections and Archives",https://archiveswest.orbiscascade.org/ark:/80444/xv97133/op=fstyle.aspx?t=k&q=psychiana,"MG-101, Box 7, Folder 13",mg101_b7_f13_013,"Educational use includes non-commercial use of text and images in materials for teaching and research purposes. Digital reproduction permissions granted University of Idaho Library Special Collections and Archives Department. For other uses beyond free use, please contact University of Idaho Library Special Collections and Archives Department at libspec@uidaho.edu.",https://rightsstatements.org/vocab/InC-EDU/1.0/,Text,application/pdf,eng,https://archiveswest.orbiscascade.org/ark:/80444/xv97133/op=fstyle.aspx?t=k&q=psychiana,pdf,https://www.lib.uidaho.edu/collectionbuilder/demo-objects/mg101_b7_f13_013.pdf,https://www.lib.uidaho.edu/collectionbuilder/demo-objects/small/mg101_b7_f13_013_sm.jpg,https://www.lib.uidaho.edu/collectionbuilder/demo-objects/thumbs/mg101_b7_f13_013_th.jpg
psychiana010,For Rent - A Cross,1942,yes,,,A flyer to all Americans advertizing Frank B. Robinson's newest book.,single-page; flyers,"Robinson's Books; Moscow, Idaho",,,,,"University of Idaho Library Digital Initiatives, https://www.lib.uidaho.edu/digital/","MG 101, Frank Bruce Robinson. Papers, 1929-1951, University of Idaho Library Special Collections and Archives",https://archiveswest.orbiscascade.org/ark:/80444/xv97133/op=fstyle.aspx?t=k&q=psychiana,"MG-101, Box 7, Folder 13",mg101_b7_f13_028,"Educational use includes non-commercial use of text and images in materials for teaching and research purposes. Digital reproduction permissions granted by University of Idaho Library Special Collections and Archives Department. For other uses beyond free use, please contact University of Idaho Library Special Collections and Archives Department at libspec@uidaho.edu.",https://rightsstatements.org/vocab/InC-EDU/1.0/,Text,application/pdf,eng,https://archiveswest.orbiscascade.org/ark:/80444/xv97133/op=fstyle.aspx?t=k&q=psychiana,pdf,https://www.lib.uidaho.edu/collectionbuilder/demo-objects/mg101_b7_f13_028.pdf,https://www.lib.uidaho.edu/collectionbuilder/demo-objects/small/mg101_b7_f13_028_sm.jpg,https://www.lib.uidaho.edu/collectionbuilder/demo-objects/thumbs/mg101_b7_f13_028_th.jpg
psychiana011,Negative photograph of a Psychiana pin,1936,yes,"Robinson, Frank B.",,Negative photograph of a pin worn by members of Psychiana. Pin includes a small hand holding a lit torch with the capital letter 'P' prominently in front.,single-page; buttons (information artifacts),Psychiana Pin,,,,,"University of Idaho Library Digital Initiatives, https://www.lib.uidaho.edu/digital/","MG 101, Frank Bruce Robinson. Papers, 1929-1951, University of Idaho Library Special Collections and Archives",https://archiveswest.orbiscascade.org/ark:/80444/xv97133/op=fstyle.aspx?t=k&q=psychiana,"MG-101, Box 6, Folder - 'Miscellaneous Negatives'",mg101_b6_f7_miscellanious_negatives_012,"Educational use includes non-commercial use of text and images in materials for teaching and research purposes. Digital reproduction permissions granted by University of Idaho Library Special Collections and Archives Department. For other uses beyond free use, please contact University of Idaho Library Special Collections and Archives Department at libspec@uidaho.edu.",https://rightsstatements.org/vocab/InC-EDU/1.0/,Image;StillImage,image/jpeg,eng,https://archiveswest.orbiscascade.org/ark:/80444/xv97133/op=fstyle.aspx?t=k&q=psychiana,image,https://www.lib.uidaho.edu/collectionbuilder/demo-objects/mg101_b6_f7_miscellanious_negatives_012.jpg,https://www.lib.uidaho.edu/collectionbuilder/demo-objects/small/mg101_b6_f7_miscellanious_negatives_012_sm.jpg,https://www.lib.uidaho.edu/collectionbuilder/demo-objects/thumbs/mg101_b6_f7_miscellanious_negatives_012_th.jpg
psychiana012,Negative photograph of the development site of Robinson lake,1935,yes,"Robinson, Frank B.",,Negative photograph from overhead view of a lake either after or during its development. Photograph includes a storage structure and several dirt roads running around and into the lake.,single-page; negatives,Recreation; Latah County,"Robinson Lake, Moscow, ID",46.755184,-116.909892,,"University of Idaho Library Digital Initiatives, https://www.lib.uidaho.edu/digital/","MG 101, Frank Bruce Robinson. Papers, 1929-1951, University of Idaho Library Special Collections and Archives",https://archiveswest.orbiscascade.org/ark:/80444/xv97133/op=fstyle.aspx?t=k&q=psychiana,"MG-101, Box 6, Folder - 'Miscellaneous Negatives'",mg101_b6_f7_miscellanious_negatives_014,"Educational use includes non-commercial use of text and images in materials for teaching and research purposes. Digital reproduction permissions granted by University of Idaho Library Special Collections and Archives Department. For other uses beyond free use, please contact University of Idaho Library Special Collections and Archives Department at libspec@uidaho.edu.",https://rightsstatements.org/vocab/InC-EDU/1.0/,Image;StillImage,image/jpeg,eng,https://archiveswest.orbiscascade.org/ark:/80444/xv97133/op=fstyle.aspx?t=k&q=psychiana,image,https://www.lib.uidaho.edu/collectionbuilder/demo-objects/mg101_b6_f7_miscellanious_negatives_014.jpg,https://www.lib.uidaho.edu/collectionbuilder/demo-objects/small/mg101_b6_f7_miscellanious_negatives_014_sm.jpg,https://www.lib.uidaho.edu/collectionbuilder/demo-objects/thumbs/mg101_b6_f7_miscellanious_negatives_014_th.jpg
psychiana013,Negative photograph of several copies of the June 1948 edition of the 'The Way: A Quarterly Publication of the Psychiana Religion.',1948,yes,"Robinson, Frank B.",,"Negative photograph of the covers of The Way that include rays of light moving to a point behind a picture of mountains, a mountain lake, and clouds.",single-page; negatives,Robinson's Writings; Psychiana Journal,,,,The Way Magazine,"University of Idaho Library Digital Initiatives, https://www.lib.uidaho.edu/digital/","MG 101, Frank Bruce Robinson. Papers, 1929-1951, University of Idaho Library Special Collections and Archives",https://archiveswest.orbiscascade.org/ark:/80444/xv97133/op=fstyle.aspx?t=k&q=psychiana,"MG-101, Box 6, Folder - 'Miscellaneous Negatives'",mg101_b6_f7_miscellanious_negatives_010,"Educational use includes non-commercial use of text and images in materials for teaching and research purposes. Digital reproduction permissions granted by University of Idaho Library Special Collections and Archives Department. For other uses beyond free use, please contact University of Idaho Library Special Collections and Archives Department at libspec@uidaho.edu.",https://rightsstatements.org/vocab/InC-EDU/1.0/,Image;StillImage,image/jpeg,eng,https://archiveswest.orbiscascade.org/ark:/80444/xv97133/op=fstyle.aspx?t=k&q=psychiana,image,https://www.lib.uidaho.edu/collectionbuilder/demo-objects/mg101_b6_f7_miscellanious_negatives_010.jpg,https://www.lib.uidaho.edu/collectionbuilder/demo-objects/small/mg101_b6_f7_miscellanious_negatives_010_sm.jpg,https://www.lib.uidaho.edu/collectionbuilder/demo-objects/thumbs/mg101_b6_f7_miscellanious_negatives_010_th.jpg
psychiana014,Now --- It's War!,1941-12-07,,"Robinson, Frank B.",,A flyer discussing the Japanese attack on Pearl Harbor in 1941.,single-page; flyers,"Moscow, Idaho; World War;","New York, NY",40.713569,-74.023587,,"University of Idaho Library Digital Initiatives, https://www.lib.uidaho.edu/digital/","MG 101, Frank Bruce Robinson. Papers, 1929-1951, University of Idaho Library Special Collections and Archives",https://archiveswest.orbiscascade.org/ark:/80444/xv97133/op=fstyle.aspx?t=k&q=psychiana,"MG-101, Box 7, Folder 13",mg101_b7_f13_034,"Educational use includes non-commercial use of text and images in materials for teaching and research purposes. Digital reproduction permissions granted by University of Idaho Library Special Collections and Archives Department. For other uses beyond free use, please contact University of Idaho Library Special Collections and Archives Department at libspec@uidaho.edu.",https://rightsstatements.org/vocab/InC-EDU/1.0/,Text,application/pdf,eng,https://archiveswest.orbiscascade.org/ark:/80444/xv97133/op=fstyle.aspx?t=k&q=psychiana,pdf,https://www.lib.uidaho.edu/collectionbuilder/demo-objects/mg101_b7_f13_034.pdf,https://www.lib.uidaho.edu/collectionbuilder/demo-objects/small/mg101_b7_f13_034_sm.jpg,https://www.lib.uidaho.edu/collectionbuilder/demo-objects/thumbs/mg101_b7_f13_034_th.jpg
psychiana015,Business Reply Card [01],1941,yes,"Psychiana, Inc.",Gentlemen,"A postage-paid, business reply card addressed to Psychiana headquarters.",postcard; reply cards,"Power; Spirit of God, God-Power;  Free; Information",,,,,"University of Idaho Library Digital Initiatives, https://www.lib.uidaho.edu/digital/","MG 101, Frank Bruce Robinson. Papers, 1929-1951, University of Idaho Library Special Collections and Archives",https://archiveswest.orbiscascade.org/ark:/80444/xv97133/op=fstyle.aspx?t=k&q=psychiana,"MG-101, Box 7, Folder 23",mg101_b7_f23_005,"Educational use includes non-commercial use of text and images in materials for teaching and research purposes. Digital reproduction permissions granted by University of Idaho Library Special Collections and Archives Department. For other uses beyond free use, please contact University of Idaho Library Special Collections and Archives Department at libspec@uidaho.edu.",https://rightsstatements.org/vocab/InC-EDU/1.0/,Text,application/pdf,eng,https://archiveswest.orbiscascade.org/ark:/80444/xv97133/op=fstyle.aspx?t=k&q=psychiana,pdf,https://www.lib.uidaho.edu/collectionbuilder/demo-objects/mg101_b7_f23_005.pdf,https://www.lib.uidaho.edu/collectionbuilder/demo-objects/small/mg101_b7_f23_005_sm.jpg,https://www.lib.uidaho.edu/collectionbuilder/demo-objects/thumbs/mg101_b7_f23_005_th.jpg
psychiana016,To 'Psychiana' Members who Have Allowed Their Commitments to Become Delinquent [02],1934,yes,"Robinson, Frank B.",My dear friend and fellow-student,A form letter from Frank B. Robinson asks members to meet their monetary commitment for the movement.,single-page; form letters,Commitment; Delinquent; Students; Lessons,,,,,"University of Idaho Library Digital Initiatives, https://www.lib.uidaho.edu/digital/","MG 101, Frank Bruce Robinson. Papers, 1929-1951, University of Idaho Library Special Collections and Archives",https://archiveswest.orbiscascade.org/ark:/80444/xv97133/op=fstyle.aspx?t=k&q=psychiana,"MG-101, Box 7, Folder 23",mg101_b7_f23_023,"Educational use includes non-commercial use of text and images in materials for teaching and research purposes. Digital reproduction permissions granted University of Idaho Library Special Collections and Archives Department. For other uses beyond free use, please contact University of Idaho Library Special Collections and Archives Department at libspec@uidaho.edu.",https://rightsstatements.org/vocab/InC-EDU/1.0/,Text,application/pdf,eng,https://archiveswest.orbiscascade.org/ark:/80444/xv97133/op=fstyle.aspx?t=k&q=psychiana,pdf,https://www.lib.uidaho.edu/collectionbuilder/demo-objects/mg101_b7_f23_023.pdf,https://www.lib.uidaho.edu/collectionbuilder/demo-objects/small/mg101_b7_f23_023_sm.jpg,https://www.lib.uidaho.edu/collectionbuilder/demo-objects/thumbs/mg101_b7_f23_023_th.jpg
psychiana017,A Money-Making Opportunity for 'Psychiana' Students Establish a 'Psychiana' Sales Agency,1936,yes,,Students,Fill out and sign enclosed 'Sales Agents Application Blank'. Notice to inform students about becoming sale agents for Psychiana.,multiple-page; application forms,Sale Agency; Money-Making Opportunity; Students; Territory; Spreading Psychiana,,,,,"University of Idaho Library Digital Initiatives, https://www.lib.uidaho.edu/digital/","MG 101, Frank Bruce Robinson. Papers, 1929-1951, University of Idaho Library Special Collections and Archives",https://archiveswest.orbiscascade.org/ark:/80444/xv97133/op=fstyle.aspx?t=k&q=psychiana,"MG-101, Box 7, Folder 23",mg101_b7_f23_039,"Educational use includes non-commercial use of text and images in materials for teaching and research purposes. Digital reproduction permissions granted by University of Idaho Library Special Collections and Archives Department. For other uses beyond free use, please contact University of Idaho Library Special Collections and Archives Department at libspec@uidaho.edu.",https://rightsstatements.org/vocab/InC-EDU/1.0/,Text,application/pdf,eng,https://archiveswest.orbiscascade.org/ark:/80444/xv97133/op=fstyle.aspx?t=k&q=psychiana,pdf,https://www.lib.uidaho.edu/collectionbuilder/demo-objects/mg101_b7_f23_039.pdf,https://www.lib.uidaho.edu/collectionbuilder/demo-objects/small/mg101_b7_f23_039_sm.jpg,https://www.lib.uidaho.edu/collectionbuilder/demo-objects/thumbs/mg101_b7_f23_039_th.jpg
psychiana018,"Photograph of 1st and Main Street, Moscow, ID",1935,yes,,,"Photograph of unmarked corner building located at the intersection of 1st and Main Street in Moscow, Idaho.",single-page; photographs,"Moscow, Idaho","Moscow, ID",46.733843,-117.001138,,"University of Idaho Library Digital Initiatives, https://www.lib.uidaho.edu/digital/","MG 101, Frank Bruce Robinson. Papers, 1929-1951, University of Idaho Library Special Collections and Archives",https://archiveswest.orbiscascade.org/ark:/80444/xv97133/op=fstyle.aspx?t=k&q=psychiana,"MG-101, Box 6, Folder - 'Psychiana Photographs'",mg101_b6_psychiana_photographs_002,"Educational use includes non-commercial use of text and images in materials for teaching and research purposes. Digital reproduction permissions granted by University of Idaho Library Special Collections and Archives Department. For other uses beyond free use, please contact University of Idaho Library Special Collections and Archives Department at libspec@uidaho.edu.",https://rightsstatements.org/vocab/InC-EDU/1.0/,Image;StillImage,image/jpeg,eng,https://archiveswest.orbiscascade.org/ark:/80444/xv97133/op=fstyle.aspx?t=k&q=psychiana,image,https://www.lib.uidaho.edu/collectionbuilder/demo-objects/mg101_b6_psychiana_photographs_002.jpg,https://www.lib.uidaho.edu/collectionbuilder/demo-objects/small/mg101_b6_psychiana_photographs_002_sm.jpg,https://www.lib.uidaho.edu/collectionbuilder/demo-objects/thumbs/mg101_b6_psychiana_photographs_002_th.jpg
psychiana019,Photograph of clerical and bookkeeping staff from the branch mailing department.,1938-01,yes,,,"Photograph of all women staff from Psychiana clerical and bookkeeping standing in front of the Branch Mailing Department at 1st and Main Street in Moscow, Idaho. This building is two stories and occupies half a block.",single-page; photographs,Psychiana Headquarters; Psychiana Staff; Bookkeeping; Mailings,"Moscow, ID",46.733843,-117.001138,,"University of Idaho Library Digital Initiatives, https://www.lib.uidaho.edu/digital/","MG 101, Frank Bruce Robinson. Papers, 1929-1951, University of Idaho Library Special Collections and Archives",https://archiveswest.orbiscascade.org/ark:/80444/xv97133/op=fstyle.aspx?t=k&q=psychiana,"MG-101, Box 6, Folder - 'Psychiana Photographs'",mg101_b6_psychiana_photographs_011,"Educational use includes non-commercial use of text and images in materials for teaching and research purposes. Digital reproduction permissions granted by University of Idaho Library Special Collections and Archives Department. For other uses beyond free use, please contact University of Idaho Library Special Collections and Archives Department at libspec@uidaho.edu.",https://rightsstatements.org/vocab/InC-EDU/1.0/,Image;StillImage,image/jpeg,eng,https://archiveswest.orbiscascade.org/ark:/80444/xv97133/op=fstyle.aspx?t=k&q=psychiana,image,https://www.lib.uidaho.edu/collectionbuilder/demo-objects/mg101_b6_psychiana_photographs_011.jpg,https://www.lib.uidaho.edu/collectionbuilder/demo-objects/small/mg101_b6_psychiana_photographs_011_sm.jpg,https://www.lib.uidaho.edu/collectionbuilder/demo-objects/thumbs/mg101_b6_psychiana_photographs_011_th.jpg
psychiana020,"Photograph of Corner Drug Store in Moscow, ID",1935,yes,,,"Photograph of the corner drug store in Moscow, Idaho where Frank Robinson worked as a clerk and wrote the first lessons of Psychiana.",single-page; photographs,"Moscow, Idaho; Drug Store Clerk","Moscow, ID",46.732505,-117.001181,,"University of Idaho Library Digital Initiatives, https://www.lib.uidaho.edu/digital/","MG 101, Frank Bruce Robinson. Papers, 1929-1951, University of Idaho Library Special Collections and Archives",https://archiveswest.orbiscascade.org/ark:/80444/xv97133/op=fstyle.aspx?t=k&q=psychiana,"MG-101, Box 6, Folder - 'Psychiana Photographs'",mg101_b6_psychiana_photographs_001,"Educational use includes non-commercial use of text and images in materials for teaching and research purposes. Digital reproduction permissions granted by University of Idaho Library Special Collections and Archives Department. For other uses beyond free use, please contact University of Idaho Library Special Collections and Archives Department at libspec@uidaho.edu.",https://rightsstatements.org/vocab/InC-EDU/1.0/,Image;StillImage,image/jpeg,eng,https://archiveswest.orbiscascade.org/ark:/80444/xv97133/op=fstyle.aspx?t=k&q=psychiana,image,https://www.lib.uidaho.edu/collectionbuilder/demo-objects/mg101_b6_psychiana_photographs_001.jpg,https://www.lib.uidaho.edu/collectionbuilder/demo-objects/small/mg101_b6_psychiana_photographs_001_sm.jpg,https://www.lib.uidaho.edu/collectionbuilder/demo-objects/thumbs/mg101_b6_psychiana_photographs_001_th.jpg
psychiana021,Photograph of Frank B. Robinson adjusting a small printing press.,1940,yes,,,Photograph depicts Frank B. Robinson with his sleeves rolled up and an unidentified male and female staff member working at row of small printing presses.,single-page; photographs,Daily Idahoan; Psychiana Staff,,,,Daily Idahoan,"University of Idaho Library Digital Initiatives, https://www.lib.uidaho.edu/digital/","MG 101, Frank Bruce Robinson. Papers, 1929-1951, University of Idaho Library Special Collections and Archives",https://archiveswest.orbiscascade.org/ark:/80444/xv97133/op=fstyle.aspx?t=k&q=psychiana,"MG-101, Box 6, Folder - 'Psychiana Photographs'",mg101_b6_psychiana_photographs_039,"Educational use includes non-commercial use of text and images in materials for teaching and research purposes. Digital reproduction permissions granted by University of Idaho Library Special Collections and Archives Department. For other uses beyond free use, please contact University of Idaho Library Special Collections and Archives Department at libspec@uidaho.edu.",https://rightsstatements.org/vocab/InC-EDU/1.0/,Image;StillImage,image/jpeg,eng,https://archiveswest.orbiscascade.org/ark:/80444/xv97133/op=fstyle.aspx?t=k&q=psychiana,image,https://www.lib.uidaho.edu/collectionbuilder/demo-objects/mg101_b6_psychiana_photographs_039.jpg,https://www.lib.uidaho.edu/collectionbuilder/demo-objects/small/mg101_b6_psychiana_photographs_039_sm.jpg,https://www.lib.uidaho.edu/collectionbuilder/demo-objects/thumbs/mg101_b6_psychiana_photographs_039_th.jpg
psychiana022,Photograph of Frank B. Robinson and a man named Henry Banks,1939,yes,,,"Photograph depicts Frank B. Robinson handing Mr. Henry Banks a can of 'rattlesnake meat' out front of the building of the publication, The News Review.",single-page; photographs,The News Review; Frank B. Robinson,,,,The News-Review,"University of Idaho Library Digital Initiatives, https://www.lib.uidaho.edu/digital/","MG 101, Frank Bruce Robinson. Papers, 1929-1951, University of Idaho Library Special Collections and Archives",https://archiveswest.orbiscascade.org/ark:/80444/xv97133/op=fstyle.aspx?t=k&q=psychiana,"MG-101, Box 6, Folder - 'Robinson & Friends'",mg101_b6_robinson_friends_008,"Educational use includes non-commercial use of text and images in materials for teaching and research purposes. Digital reproduction permissions granted by University of Idaho Library Special Collections and Archives Department. For other uses beyond free use, please contact University of Idaho Library Special Collections and Archives Department at libspec@uidaho.edu.",https://rightsstatements.org/vocab/InC-EDU/1.0/,Image;StillImage,image/jpeg,eng,https://archiveswest.orbiscascade.org/ark:/80444/xv97133/op=fstyle.aspx?t=k&q=psychiana,image,https://www.lib.uidaho.edu/collectionbuilder/demo-objects/mg101_b6_robinson_friends_008.jpg,https://www.lib.uidaho.edu/collectionbuilder/demo-objects/small/mg101_b6_robinson_friends_008_sm.jpg,https://www.lib.uidaho.edu/collectionbuilder/demo-objects/thumbs/mg101_b6_robinson_friends_008_th.jpg
psychiana023,Photograph of Frank B. Robinson beside his Duesenberg Convertible Coupe,1934,yes,,,Photograph of Frank B. Robinson standing outside the passenger side of his Duesenberg Convertible Coupe with a park in the background.,single-page; photographs,Duesenberg Convertible Coupe,,,,,"University of Idaho Library Digital Initiatives, https://www.lib.uidaho.edu/digital/","MG 101, Frank Bruce Robinson. Papers, 1929-1951, University of Idaho Library Special Collections and Archives",https://archiveswest.orbiscascade.org/ark:/80444/xv97133/op=fstyle.aspx?t=k&q=psychiana,"MG-101, Box 6, Folder - 'Photographs'",mg101_b6_photographs_06,"Educational use includes non-commercial use of text and images in materials for teaching and research purposes. Digital reproduction permissions granted by University of Idaho Library Special Collections and Archives Department. For other uses beyond free use, please contact University of Idaho Library Special Collections and Archives Department at libspec@uidaho.edu.",https://rightsstatements.org/vocab/InC-EDU/1.0/,Image;StillImage,image/jpeg,eng,https://archiveswest.orbiscascade.org/ark:/80444/xv97133/op=fstyle.aspx?t=k&q=psychiana,image,https://www.lib.uidaho.edu/collectionbuilder/demo-objects/mg101_b6_photographs_06.jpg,https://www.lib.uidaho.edu/collectionbuilder/demo-objects/small/mg101_b6_photographs_06_sm.jpg,https://www.lib.uidaho.edu/collectionbuilder/demo-objects/thumbs/mg101_b6_photographs_06_th.jpg
psychiana024,Photograph of Frank B. Robinson beside his Duesenberg Convertible Coupe in front of crowd,1934,yes,,,"Photograph of Frank B. Robinson standing by the hood of his Duesenberg Convertible Coupe in a public square or street with many people standing behind him. Along the running board, a sign reads 'Duesenberg Straight 8.'",single-page; photographs,Duesenberg Convertible Coupe; Public Square,,,,,"University of Idaho Library Digital Initiatives, https://www.lib.uidaho.edu/digital/","MG 101, Frank Bruce Robinson. Papers, 1929-1951, University of Idaho Library Special Collections and Archives",https://archiveswest.orbiscascade.org/ark:/80444/xv97133/op=fstyle.aspx?t=k&q=psychiana,"MG-101, Box 6, Folder - 'Photographs'",mg101_b6_photographs_07,"Educational use includes non-commercial use of text and images in materials for teaching and research purposes. Digital reproduction permissions granted by University of Idaho Library Special Collections and Archives Department. For other uses beyond free use, please contact University of Idaho Library Special Collections and Archives Department at libspec@uidaho.edu.",https://rightsstatements.org/vocab/InC-EDU/1.0/,Image;StillImage,image/jpeg,eng,https://archiveswest.orbiscascade.org/ark:/80444/xv97133/op=fstyle.aspx?t=k&q=psychiana,image,https://www.lib.uidaho.edu/collectionbuilder/demo-objects/mg101_b6_photographs_07.jpg,https://www.lib.uidaho.edu/collectionbuilder/demo-objects/small/mg101_b6_photographs_07_sm.jpg,https://www.lib.uidaho.edu/collectionbuilder/demo-objects/thumbs/mg101_b6_photographs_07_th.jpg
psychiana025,Photograph of Frank B. Robinson in his Duesenberg Convertible Coupe,1935,yes,,,Photograph of view of Frank B. Robinson sitting in the driver's side of his Duesenberg convertible coupe at the curb in front of his house.,single-page; photographs,Duesenberg Convertible Coupe; Home,"Moscow, ID",46.733027,-116.992443,,"University of Idaho Library Digital Initiatives, https://www.lib.uidaho.edu/digital/","MG 101, Frank Bruce Robinson. Papers, 1929-1951, University of Idaho Library Special Collections and Archives",https://archiveswest.orbiscascade.org/ark:/80444/xv97133/op=fstyle.aspx?t=k&q=psychiana,"MG-101, Box 6, Folder - 'Photographs'",mg101_b6_photographs_02,"Educational use includes non-commercial use of text and images in materials for teaching and research purposes. Digital reproduction permissions granted by University of Idaho Library Special Collections and Archives Department. For other uses beyond free use, please contact University of Idaho Library Special Collections and Archives Department at libspec@uidaho.edu.",https://rightsstatements.org/vocab/InC-EDU/1.0/,Image;StillImage,image/jpeg,eng,https://archiveswest.orbiscascade.org/ark:/80444/xv97133/op=fstyle.aspx?t=k&q=psychiana,image,https://www.lib.uidaho.edu/collectionbuilder/demo-objects/mg101_b6_photographs_02.jpg,https://www.lib.uidaho.edu/collectionbuilder/demo-objects/small/mg101_b6_photographs_02_sm.jpg,https://www.lib.uidaho.edu/collectionbuilder/demo-objects/thumbs/mg101_b6_photographs_02_th.jpg
psychiana026,Photograph of Frank B. Robinson loading a printing press with ink,1938,yes,Zalmanoff,,"Photograph depicts Frank. B. Robinson with his sleeves rolled up, loading a small printing press with ink from a black container.",single-page; photographs,Daily Idahoan; Psychiana Staff,,,,Daily Idahoan,"University of Idaho Library Digital Initiatives, https://www.lib.uidaho.edu/digital/","MG 101, Frank Bruce Robinson. Papers, 1929-1951, University of Idaho Library Special Collections and Archives",https://archiveswest.orbiscascade.org/ark:/80444/xv97133/op=fstyle.aspx?t=k&q=psychiana,"MG-101, Box 6, Folder - 'Psychiana Photographs'",mg101_b6_psychiana_photographs_037b,"Educational use includes non-commercial use of text and images in materials for teaching and research purposes. Digital reproduction permissions granted by University of Idaho Library Special Collections and Archives Department. For other uses beyond free use, please contact University of Idaho Library Special Collections and Archives Department at libspec@uidaho.edu.",https://rightsstatements.org/vocab/InC-EDU/1.0/,Image;StillImage,image/jpeg,eng,https://archiveswest.orbiscascade.org/ark:/80444/xv97133/op=fstyle.aspx?t=k&q=psychiana,image,https://www.lib.uidaho.edu/collectionbuilder/demo-objects/mg101_b6_psychiana_photographs_037b.jpg,https://www.lib.uidaho.edu/collectionbuilder/demo-objects/small/mg101_b6_psychiana_photographs_037b_sm.jpg,https://www.lib.uidaho.edu/collectionbuilder/demo-objects/thumbs/mg101_b6_psychiana_photographs_037b_th.jpg
psychiana027,Photograph of Frank B. Robinson playing his organ,1935,yes,,,Photograph of Frank B. Robinson playing from a book of sheet music on his pipe organ.,single-page; photographs,Pipe Organ,"Moscow, ID",46.732534,-117.003116,,"University of Idaho Library Digital Initiatives, https://www.lib.uidaho.edu/digital/","MG 101, Frank Bruce Robinson. Papers, 1929-1951, University of Idaho Library Special Collections and Archives",https://archiveswest.orbiscascade.org/ark:/80444/xv97133/op=fstyle.aspx?t=k&q=psychiana,"MG-101, Box 6, Folder - 'Photographs'",mg101_b6_photographs_01,"Educational use includes non-commercial use of text and images in materials for teaching and research purposes. Digital reproduction permissions granted by University of Idaho Library Special Collections and Archives Department. For other uses beyond free use, please contact University of Idaho Library Special Collections and Archives Department at libspec@uidaho.edu.",https://rightsstatements.org/vocab/InC-EDU/1.0/,Image;StillImage,image/jpeg,eng,https://archiveswest.orbiscascade.org/ark:/80444/xv97133/op=fstyle.aspx?t=k&q=psychiana,image,https://www.lib.uidaho.edu/collectionbuilder/demo-objects/mg101_b6_photographs_01.jpg,https://www.lib.uidaho.edu/collectionbuilder/demo-objects/small/mg101_b6_photographs_01_sm.jpg,https://www.lib.uidaho.edu/collectionbuilder/demo-objects/thumbs/mg101_b6_photographs_01_th.jpg
psychiana028,Photograph of Frank B. Robinson watching Psychiana staff members work,1935-05-01,,,,Photograph depicts young Frank B. Robinson standing in a doorway with his hands on his hips and watching smiling female Psychiana staff complete tasks.,single-page; photographs,Psychiana Headquarters; Psychiana Staff,,,,,"University of Idaho Library Digital Initiatives, https://www.lib.uidaho.edu/digital/","MG 101, Frank Bruce Robinson. Papers, 1929-1951, University of Idaho Library Special Collections and Archives",https://archiveswest.orbiscascade.org/ark:/80444/xv97133/op=fstyle.aspx?t=k&q=psychiana,"MG-101, Box 6, Folder - 'Psychiana Photographs'",mg101_b6_psychiana_photographs_018a,"Educational use includes non-commercial use of text and images in materials for teaching and research purposes. Digital reproduction permissions granted by University of Idaho Library Special Collections and Archives Department. For other uses beyond free use, please contact University of Idaho Library Special Collections and Archives Department at libspec@uidaho.edu.",https://rightsstatements.org/vocab/InC-EDU/1.0/,Image;StillImage,image/jpeg,eng,https://archiveswest.orbiscascade.org/ark:/80444/xv97133/op=fstyle.aspx?t=k&q=psychiana,image,https://www.lib.uidaho.edu/collectionbuilder/demo-objects/mg101_b6_psychiana_photographs_018a.jpg,https://www.lib.uidaho.edu/collectionbuilder/demo-objects/small/mg101_b6_psychiana_photographs_018a_sm.jpg,https://www.lib.uidaho.edu/collectionbuilder/demo-objects/thumbs/mg101_b6_psychiana_photographs_018a_th.jpg
psychiana029,Photograph of Frank B. Robinson watching the work of an unidentified male staff member,1940,yes,,,Photograph depicts Frank B. Robinson standing behind an unidentified male staff member who edits a lithograph plate at a drafting table.,single-page; photographs,Daily Idahoan; Psychiana Staff,"Moscow, ID",46.732534,-117.003116,Daily Idahoan,"University of Idaho Library Digital Initiatives, https://www.lib.uidaho.edu/digital/","MG 101, Frank Bruce Robinson. Papers, 1929-1951, University of Idaho Library Special Collections and Archives",https://archiveswest.orbiscascade.org/ark:/80444/xv97133/op=fstyle.aspx?t=k&q=psychiana,"MG-101, Box 6, Folder - 'Psychiana Photographs'",mg101_b6_psychiana_photographs_038,"Educational use includes non-commercial use of text and images in materials for teaching and research purposes. Digital reproduction permissions granted by University of Idaho Library Special Collections and Archives Department. For other uses beyond free use, please contact University of Idaho Library Special Collections and Archives Department at libspec@uidaho.edu.",https://rightsstatements.org/vocab/InC-EDU/1.0/,Image;StillImage,image/jpeg,eng,https://archiveswest.orbiscascade.org/ark:/80444/xv97133/op=fstyle.aspx?t=k&q=psychiana,image,https://www.lib.uidaho.edu/collectionbuilder/demo-objects/mg101_b6_psychiana_photographs_038.jpg,https://www.lib.uidaho.edu/collectionbuilder/demo-objects/small/mg101_b6_psychiana_photographs_038_sm.jpg,https://www.lib.uidaho.edu/collectionbuilder/demo-objects/thumbs/mg101_b6_psychiana_photographs_038_th.jpg
psychiana030,Photograph of Psychiana business office,1935-05-01,,,,Photograph depicts an unidentified man and woman sitting over a desk and writing records in ledgers or some sort of record books. The calendar over the desk marks the month of May in year 1938.,single-page; photographs,Psychiana Headquarters; Psychiana Staff,"Moscow, ID",46.732534,-117.003116,,"University of Idaho Library Digital Initiatives, https://www.lib.uidaho.edu/digital/","MG 101, Frank Bruce Robinson. Papers, 1929-1951, University of Idaho Library Special Collections and Archives",https://archiveswest.orbiscascade.org/ark:/80444/xv97133/op=fstyle.aspx?t=k&q=psychiana,"MG-101, Box 6, Folder - 'Psychiana Photographs'",mg101_b6_psychiana_photographs_015,"Educational use includes non-commercial use of text and images in materials for teaching and research purposes. Digital reproduction permissions granted by University of Idaho Library Special Collections and Archives Department. For other uses beyond free use, please contact University of Idaho Library Special Collections and Archives Department at libspec@uidaho.edu.",https://rightsstatements.org/vocab/InC-EDU/1.0/,Image;StillImage,image/jpeg,eng,https://archiveswest.orbiscascade.org/ark:/80444/xv97133/op=fstyle.aspx?t=k&q=psychiana,image,https://www.lib.uidaho.edu/collectionbuilder/demo-objects/mg101_b6_psychiana_photographs_015.jpg,https://www.lib.uidaho.edu/collectionbuilder/demo-objects/small/mg101_b6_psychiana_photographs_015_sm.jpg,https://www.lib.uidaho.edu/collectionbuilder/demo-objects/thumbs/mg101_b6_psychiana_photographs_015_th.jpg
psychiana031,Photograph of revolving table used to sort and compile materials,1935-05-01,,,,"Photograph depicts several female Psychiana staff sitting around a revolving 'rotary table,' operated by electric motor and used to assemble Frank B. Robinsons Lessons and follow-up literature before mailing.",single-page; photographs,Psychiana Headquarters; Psychiana Staff; Lessons,"Moscow, ID",46.731365,-116.999089,,"University of Idaho Library Digital Initiatives, https://www.lib.uidaho.edu/digital/","MG 101, Frank Bruce Robinson. Papers, 1929-1951, University of Idaho Library Special Collections and Archives",https://archiveswest.orbiscascade.org/ark:/80444/xv97133/op=fstyle.aspx?t=k&q=psychiana,"MG-101, Box 6, Folder - 'Psychiana Photographs'",mg101_b6_psychiana_photographs_021,"Educational use includes non-commercial use of text and images in materials for teaching and research purposes. Digital reproduction permissions granted by University of Idaho Library Special Collections and Archives Department. For other uses beyond free use, please contact University of Idaho Library Special Collections and Archives Department at libspec@uidaho.edu.",https://rightsstatements.org/vocab/InC-EDU/1.0/,Image;StillImage,image/jpeg,eng,https://archiveswest.orbiscascade.org/ark:/80444/xv97133/op=fstyle.aspx?t=k&q=psychiana,image,https://www.lib.uidaho.edu/collectionbuilder/demo-objects/mg101_b6_psychiana_photographs_021.jpg,https://www.lib.uidaho.edu/collectionbuilder/demo-objects/small/mg101_b6_psychiana_photographs_021_sm.jpg,https://www.lib.uidaho.edu/collectionbuilder/demo-objects/thumbs/mg101_b6_psychiana_photographs_021_th.jpg
psychiana032,Photograph of some Psychiana staff members at Psychiana's international headquarters,1938,yes,,,"Photograph of all women staff standing in front of Psychiana's International Headquarters, which operated with a staff of sixty-three women who conducted a direct mail campaign.",single-page; photographs,Psychiana Headquarters; Psychiana Staff,"Moscow, ID",46.733843,-117.001138,,"University of Idaho Library Digital Initiatives, https://www.lib.uidaho.edu/digital/","MG 101, Frank Bruce Robinson. Papers, 1929-1951, University of Idaho Library Special Collections and Archives",https://archiveswest.orbiscascade.org/ark:/80444/xv97133/op=fstyle.aspx?t=k&q=psychiana,"MG-101, Box 6, Folder - 'Psychiana Photographs'",mg101_b6_psychiana_photographs_010,"Educational use includes non-commercial use of text and images in materials for teaching and research purposes. Digital reproduction permissions granted by University of Idaho Library Special Collections and Archives Department. For other uses beyond free use, please contact University of Idaho Library Special Collections and Archives Department at libspec@uidaho.edu.",https://rightsstatements.org/vocab/InC-EDU/1.0/,Image;StillImage,image/jpeg,eng,https://archiveswest.orbiscascade.org/ark:/80444/xv97133/op=fstyle.aspx?t=k&q=psychiana,image,https://www.lib.uidaho.edu/collectionbuilder/demo-objects/mg101_b6_psychiana_photographs_010.jpg,https://www.lib.uidaho.edu/collectionbuilder/demo-objects/small/mg101_b6_psychiana_photographs_010_sm.jpg,https://www.lib.uidaho.edu/collectionbuilder/demo-objects/thumbs/mg101_b6_psychiana_photographs_010_th.jpg
psychiana033,Photograph of the bookkeeping department,1935-05-01,,,,"Photograph depicts the bookkeeping department in the Psychiana Branch Mailing Department and several female staff completing various tasks of typing, sorting mail, calculating and keeping records.",single-page; photographs,Psychiana Headquarters; Psychiana Staff,,,,,"University of Idaho Library Digital Initiatives, https://www.lib.uidaho.edu/digital/","MG 101, Frank Bruce Robinson. Papers, 1929-1951, University of Idaho Library Special Collections and Archives",https://archiveswest.orbiscascade.org/ark:/80444/xv97133/op=fstyle.aspx?t=k&q=psychiana,"MG-101, Box 6, Folder - 'Psychiana Photographs'",mg101_b6_psychiana_photographs_019,"Educational use includes non-commercial use of text and images in materials for teaching and research purposes. Digital reproduction permissions granted by University of Idaho Library Special Collections and Archives Department. For other uses beyond free use, please contact University of Idaho Library Special Collections and Archives Department at libspec@uidaho.edu.",https://rightsstatements.org/vocab/InC-EDU/1.0/,Image;StillImage,image/jpeg,eng,https://archiveswest.orbiscascade.org/ark:/80444/xv97133/op=fstyle.aspx?t=k&q=psychiana,image,https://www.lib.uidaho.edu/collectionbuilder/demo-objects/mg101_b6_psychiana_photographs_019.jpg,https://www.lib.uidaho.edu/collectionbuilder/demo-objects/small/mg101_b6_psychiana_photographs_019_sm.jpg,https://www.lib.uidaho.edu/collectionbuilder/demo-objects/thumbs/mg101_b6_psychiana_photographs_019_th.jpg
psychiana034,Photograph of The Professional Building built by Frank B. Robinson,1936,yes,,,"Photograph of The Professional Building main entrance from street view. The Professional Building housed most lawyers and doctors in Moscow, Idaho, along with the Robinson's Exclusive Prescription Pharmacy, grossing $8,000 a year in rent.",single-page; photographs,"Moscow, Idaho; Finances","Moscow, ID",46.733843,-117.001138,,"University of Idaho Library Digital Initiatives, https://www.lib.uidaho.edu/digital/","MG 101, Frank Bruce Robinson. Papers, 1929-1951, University of Idaho Library Special Collections and Archives",https://archiveswest.orbiscascade.org/ark:/80444/xv97133/op=fstyle.aspx?t=k&q=psychiana,"MG-101, Box 6, Folder - 'Psychiana Photographs'",mg101_b6_psychiana_photographs_003,"Educational use includes non-commercial use of text and images in materials for teaching and research purposes. Digital reproduction permissions granted by University of Idaho Library Special Collections and Archives Department. For other uses beyond free use, please contact University of Idaho Library Special Collections and Archives Department at libspec@uidaho.edu.",https://rightsstatements.org/vocab/InC-EDU/1.0/,Image;StillImage,image/jpeg,eng,https://archiveswest.orbiscascade.org/ark:/80444/xv97133/op=fstyle.aspx?t=k&q=psychiana,image,https://www.lib.uidaho.edu/collectionbuilder/demo-objects/mg101_b6_psychiana_photographs_003.jpg,https://www.lib.uidaho.edu/collectionbuilder/demo-objects/small/mg101_b6_psychiana_photographs_003_sm.jpg,https://www.lib.uidaho.edu/collectionbuilder/demo-objects/thumbs/mg101_b6_psychiana_photographs_003_th.jpg
psychiana035,"Photograph of three men, two working at linographs",1935,yes,,,"Photograph depicts W.J. Marinean standing between Howard Wallace and T.J. Grief, who sit at two linograph machines and work.",single-page; photographs,Daily Idahoan; Psychiana Staff,,,,Daily Idahoan,"University of Idaho Library Digital Initiatives, https://www.lib.uidaho.edu/digital/","MG 101, Frank Bruce Robinson. Papers, 1929-1951, University of Idaho Library Special Collections and Archives",https://archiveswest.orbiscascade.org/ark:/80444/xv97133/op=fstyle.aspx?t=k&q=psychiana,"MG-101, Box 6, Folder - 'Psychiana Photographs'",mg101_b6_psychiana_photographs_035,"Educational use includes non-commercial use of text and images in materials for teaching and research purposes. Digital reproduction permissions granted by University of Idaho Library Special Collections and Archives Department. For other uses beyond free use, please contact University of Idaho Library Special Collections and Archives Department at libspec@uidaho.edu.",https://rightsstatements.org/vocab/InC-EDU/1.0/,Image;StillImage,image/jpeg,eng,https://archiveswest.orbiscascade.org/ark:/80444/xv97133/op=fstyle.aspx?t=k&q=psychiana,image,https://www.lib.uidaho.edu/collectionbuilder/demo-objects/mg101_b6_psychiana_photographs_035.jpg,https://www.lib.uidaho.edu/collectionbuilder/demo-objects/small/mg101_b6_psychiana_photographs_035_sm.jpg,https://www.lib.uidaho.edu/collectionbuilder/demo-objects/thumbs/mg101_b6_psychiana_photographs_035_th.jpg
psychiana036,Photograph of two women using dictaphones,1938,yes,,,Photograph depicts two women sitting next to each other at a desk and using Dictaphones and typewriters to transcribe documents.,single-page; photographs,Psychiana Headquarters; Psychiana Staff,,,,,"University of Idaho Library Digital Initiatives, https://www.lib.uidaho.edu/digital/","MG 101, Frank Bruce Robinson. Papers, 1929-1951, University of Idaho Library Special Collections and Archives",https://archiveswest.orbiscascade.org/ark:/80444/xv97133/op=fstyle.aspx?t=k&q=psychiana,"MG-101, Box 6, Folder - 'Psychiana Photographs'",mg101_b6_psychiana_photographs_017,"Educational use includes non-commercial use of text and images in materials for teaching and research purposes. Digital reproduction permissions granted by University of Idaho Library Special Collections and Archives Department. For other uses beyond free use, please contact University of Idaho Library Special Collections and Archives Department at libspec@uidaho.edu.",https://rightsstatements.org/vocab/InC-EDU/1.0/,Image;StillImage,image/jpeg,eng,https://archiveswest.orbiscascade.org/ark:/80444/xv97133/op=fstyle.aspx?t=k&q=psychiana,image,https://www.lib.uidaho.edu/collectionbuilder/demo-objects/mg101_b6_psychiana_photographs_017.jpg,https://www.lib.uidaho.edu/collectionbuilder/demo-objects/small/mg101_b6_psychiana_photographs_017_sm.jpg,https://www.lib.uidaho.edu/collectionbuilder/demo-objects/thumbs/mg101_b6_psychiana_photographs_017_th.jpg
psychiana037,Photograph of unidentified woman using an envelope sorter,1935-05-01,,,,Photograph depicts a female Psychiana staff member loading handfuls of envelopes into a sorter machine in preparation for mailing.,single-page; photographs,Psychiana Headquarters; Psychiana Staff; Mailings,,,,,"University of Idaho Library Digital Initiatives, https://www.lib.uidaho.edu/digital/","MG 101, Frank Bruce Robinson. Papers, 1929-1951, University of Idaho Library Special Collections and Archives",https://archiveswest.orbiscascade.org/ark:/80444/xv97133/op=fstyle.aspx?t=k&q=psychiana,"MG-101, Box 6, Folder - 'Psychiana Photographs'",mg101_b6_psychiana_photographs_028,"Educational use includes non-commercial use of text and images in materials for teaching and research purposes. Digital reproduction permissions granted by University of Idaho Library Special Collections and Archives Department. For other uses beyond free use, please contact University of Idaho Library Special Collections and Archives Department at libspec@uidaho.edu.",https://rightsstatements.org/vocab/InC-EDU/1.0/,Image;StillImage,image/jpeg,eng,https://archiveswest.orbiscascade.org/ark:/80444/xv97133/op=fstyle.aspx?t=k&q=psychiana,image,https://www.lib.uidaho.edu/collectionbuilder/demo-objects/mg101_b6_psychiana_photographs_028.jpg,https://www.lib.uidaho.edu/collectionbuilder/demo-objects/small/mg101_b6_psychiana_photographs_028_sm.jpg,https://www.lib.uidaho.edu/collectionbuilder/demo-objects/thumbs/mg101_b6_psychiana_photographs_028_th.jpg
psychiana038,"Photograph of William Walter DeBolt, Frank B. Robinson, and unidentified female staff member working at a sorter",1940,yes,,,"Photograph depicts (from left to right) W.W. DeBolt standing with his hands in his pockets, Frank B. Robinson with sleeves rolled up adjusting a sorter, and a female Psychiana Staff Member collecting materials as they leave the sorter.",single-page; photographs,Psychiana Headquarters; Psychiana Staff; Mailings,,,,,"University of Idaho Library Digital Initiatives, https://www.lib.uidaho.edu/digital/","MG 101, Frank Bruce Robinson. Papers, 1929-1951, University of Idaho Library Special Collections and Archives",https://archiveswest.orbiscascade.org/ark:/80444/xv97133/op=fstyle.aspx?t=k&q=psychiana,"MG-101, Box 6, Folder - 'Psychiana Photographs'",mg101_b6_psychiana_photographs_040,"Educational use includes non-commercial use of text and images in materials for teaching and research purposes. Digital reproduction permissions granted by University of Idaho Library Special Collections and Archives Department. For other uses beyond free use, please contact University of Idaho Library Special Collections and Archives Department at libspec@uidaho.edu.",https://rightsstatements.org/vocab/InC-EDU/1.0/,Image;StillImage,image/jpeg,eng,https://archiveswest.orbiscascade.org/ark:/80444/xv97133/op=fstyle.aspx?t=k&q=psychiana,image,https://www.lib.uidaho.edu/collectionbuilder/demo-objects/mg101_b6_psychiana_photographs_040.jpg,https://www.lib.uidaho.edu/collectionbuilder/demo-objects/small/mg101_b6_psychiana_photographs_040_sm.jpg,https://www.lib.uidaho.edu/collectionbuilder/demo-objects/thumbs/mg101_b6_psychiana_photographs_040_th.jpg
psychiana039,Portrait of Frank B. Robinson [01],1935,yes,,,Portrait of middle-aged Frank B. Robinson dressed in a three piece pin-striped suit and tie.,single-page; photographs,Portraits; Middle-Aged Frank B. Robinson,,,,,"University of Idaho Library Digital Initiatives, https://www.lib.uidaho.edu/digital/","MG 101, Frank Bruce Robinson. Papers, 1929-1951, University of Idaho Library Special Collections and Archives",https://archiveswest.orbiscascade.org/ark:/80444/xv97133/op=fstyle.aspx?t=k&q=psychiana,"MG-101, Box 6, Folder - 'Photographs'",mg101_b6_photographs_04,"Educational use includes non-commercial use of text and images in materials for teaching and research purposes. Digital reproduction permissions granted by University of Idaho Library Special Collections and Archives Department. For other uses beyond free use, please contact University of Idaho Library Special Collections and Archives Department at libspec@uidaho.edu.",https://rightsstatements.org/vocab/InC-EDU/1.0/,Image;StillImage,image/jpeg,eng,https://archiveswest.orbiscascade.org/ark:/80444/xv97133/op=fstyle.aspx?t=k&q=psychiana,image,https://www.lib.uidaho.edu/collectionbuilder/demo-objects/mg101_b6_photographs_04.jpg,https://www.lib.uidaho.edu/collectionbuilder/demo-objects/small/mg101_b6_photographs_04_sm.jpg,https://www.lib.uidaho.edu/collectionbuilder/demo-objects/thumbs/mg101_b6_photographs_04_th.jpg
psychiana040,Portrait of Frank B. Robinson [02],1935,yes,,,"Portrait of middle-aged Frank B. Robinson wearing a suit, tie, vest, and black pork pie hat.",single-page; photographs,Portraits; Middle-Aged Frank B. Robinson,,,,,"University of Idaho Library Digital Initiatives, https://www.lib.uidaho.edu/digital/","MG 101, Frank Bruce Robinson. Papers, 1929-1951, University of Idaho Library Special Collections and Archives",https://archiveswest.orbiscascade.org/ark:/80444/xv97133/op=fstyle.aspx?t=k&q=psychiana,"MG-101, Box 6, Folder - 'Photographs'",mg101_b6_photographs_05,"Educational use includes non-commercial use of text and images in materials for teaching and research purposes. Digital reproduction permissions granted by University of Idaho Library Special Collections and Archives Department. For other uses beyond free use, please contact University of Idaho Library Special Collections and Archives Department at libspec@uidaho.edu.",https://rightsstatements.org/vocab/InC-EDU/1.0/,Image;StillImage,image/jpeg,eng,https://archiveswest.orbiscascade.org/ark:/80444/xv97133/op=fstyle.aspx?t=k&q=psychiana,image,https://www.lib.uidaho.edu/collectionbuilder/demo-objects/mg101_b6_photographs_05.jpg,https://www.lib.uidaho.edu/collectionbuilder/demo-objects/small/mg101_b6_photographs_05_sm.jpg,https://www.lib.uidaho.edu/collectionbuilder/demo-objects/thumbs/mg101_b6_photographs_05_th.jpg
psychiana041,Portrait of Frank B. Robinson [03],1935,yes,,,Portrait of middle-aged Frank B. Robinson wearing a three piece suit with pocket watch and sitting in an ornate chair with animals carved into the handles.,single-page; photographs,Portraits; Middle-Aged Frank B. Robinson,,,,,"University of Idaho Library Digital Initiatives, https://www.lib.uidaho.edu/digital/","MG 101, Frank Bruce Robinson. Papers, 1929-1951, University of Idaho Library Special Collections and Archives",https://archiveswest.orbiscascade.org/ark:/80444/xv97133/op=fstyle.aspx?t=k&q=psychiana,"MG-101, Box 6, Folder - 'Photographs'",mg101_b6_photographs_08,"Educational use includes non-commercial use of text and images in materials for teaching and research purposes. Digital reproduction permissions granted by University of Idaho Library Special Collections and Archives Department. For other uses beyond free use, please contact University of Idaho Library Special Collections and Archives Department at libspec@uidaho.edu.",https://rightsstatements.org/vocab/InC-EDU/1.0/,Image;StillImage,image/jpeg,eng,https://archiveswest.orbiscascade.org/ark:/80444/xv97133/op=fstyle.aspx?t=k&q=psychiana,image,https://www.lib.uidaho.edu/collectionbuilder/demo-objects/mg101_b6_photographs_08.jpg,https://www.lib.uidaho.edu/collectionbuilder/demo-objects/small/mg101_b6_photographs_08_sm.jpg,https://www.lib.uidaho.edu/collectionbuilder/demo-objects/thumbs/mg101_b6_photographs_08_th.jpg
psychiana042,Sales - Agents Application Blank,1936,yes,,Students,Fill out and sign enclosed 'Sales Agents Application Blank'. Notice to inform students about becoming sale agents for Psychiana and receiving a 33 1/3% commission.,multiple-page; application forms,Application; Commission; Teaching; Sales Agent; Spreading Psychiana,,,,,"University of Idaho Library Digital Initiatives, https://www.lib.uidaho.edu/digital/","MG 101, Frank Bruce Robinson. Papers, 1929-1951, University of Idaho Library Special Collections and Archives",https://archiveswest.orbiscascade.org/ark:/80444/xv97133/op=fstyle.aspx?t=k&q=psychiana,"MG-101, Box 7, Folder 23",mg101_b7_f23_040,"Educational use includes non-commercial use of text and images in materials for teaching and research purposes. Digital reproduction permissions granted by University of Idaho Library Special Collections and Archives Department. For other uses beyond free use, please contact University of Idaho Library Special Collections and Archives Department at libspec@uidaho.edu.",https://rightsstatements.org/vocab/InC-EDU/1.0/,Text,application/pdf,eng,https://archiveswest.orbiscascade.org/ark:/80444/xv97133/op=fstyle.aspx?t=k&q=psychiana,pdf,https://www.lib.uidaho.edu/collectionbuilder/demo-objects/mg101_b7_f23_040.pdf,https://www.lib.uidaho.edu/collectionbuilder/demo-objects/small/mg101_b7_f23_040_sm.jpg,https://www.lib.uidaho.edu/collectionbuilder/demo-objects/thumbs/mg101_b7_f23_040_th.jpg
psychiana043,Order Blank,1936,yes,,Sales Agents,"Order form blank for Psychiana written materials with retail, cost, and profit columns.",single-page; order forms,Order Blank; Prices; Psychiana Publications,"New York, NY",40.713569,-74.023587,,"University of Idaho Library Digital Initiatives, https://www.lib.uidaho.edu/digital/","MG 101, Frank Bruce Robinson. Papers, 1929-1951, University of Idaho Library Special Collections and Archives",https://archiveswest.orbiscascade.org/ark:/80444/xv97133/op=fstyle.aspx?t=k&q=psychiana,"MG-101, Box 7, Folder 23",mg101_b7_f23_041,"Educational use includes non-commercial use of text and images in materials for teaching and research purposes. Digital reproduction permissions granted by University of Idaho Library Special Collections and Archives Department. For other uses beyond free use, please contact University of Idaho Library Special Collections and Archives Department at libspec@uidaho.edu.",https://rightsstatements.org/vocab/InC-EDU/1.0/,Text,application/pdf,eng,https://archiveswest.orbiscascade.org/ark:/80444/xv97133/op=fstyle.aspx?t=k&q=psychiana,pdf,https://www.lib.uidaho.edu/collectionbuilder/demo-objects/mg101_b7_f23_041.pdf,https://www.lib.uidaho.edu/collectionbuilder/demo-objects/small/mg101_b7_f23_041_sm.jpg,https://www.lib.uidaho.edu/collectionbuilder/demo-objects/thumbs/mg101_b7_f23_041_th.jpg
psychiana044,Daily Procedure For Every 'Psychiana' Student,1935,yes,"Robinson, Frank B.",Students,Frank B. Robinson gives his students five procedures to do daily in addition to the exercises to do the lessons.,single-page; instructions,Students Exercises; Psychiana Affirmations,,,,,"University of Idaho Library Digital Initiatives, https://www.lib.uidaho.edu/digital/","MG 101, Frank Bruce Robinson. Papers, 1929-1951, University of Idaho Library Special Collections and Archives",https://archiveswest.orbiscascade.org/ark:/80444/xv97133/op=fstyle.aspx?t=k&q=psychiana,"MG-101, Box 7, Folder 23",mg101_b7_f23_042,"Educational use includes non-commercial use of text and images in materials for teaching and research purposes. Digital reproduction permissions granted by University of Idaho Library Special Collections and Archives Department. For other uses beyond free use, please contact University of Idaho Library Special Collections and Archives Department at libspec@uidaho.edu.",https://rightsstatements.org/vocab/InC-EDU/1.0/,Text,application/pdf,eng,https://archiveswest.orbiscascade.org/ark:/80444/xv97133/op=fstyle.aspx?t=k&q=psychiana,pdf,https://www.lib.uidaho.edu/collectionbuilder/demo-objects/mg101_b7_f23_042.pdf,https://www.lib.uidaho.edu/collectionbuilder/demo-objects/small/mg101_b7_f23_042_sm.jpg,https://www.lib.uidaho.edu/collectionbuilder/demo-objects/thumbs/mg101_b7_f23_042_th.jpg
psychiana045,"Dr. Frank B. Robinson Speaking to Packed house in the TRINITY AUGITORIUM Los Angeles, California, January 27th 1935",1935-01-27,,,,A flyer announcing a Frank B. Robinson speaking engagement at Trinity Auditorium.,multiple-page; flyers,Successful; Material Abundance; Spiritual Abundance Reason; Law; Los Angeles,"Los Angeles, CA",34.054709,-118.261773,,"University of Idaho Library Digital Initiatives, https://www.lib.uidaho.edu/digital/","MG 101, Frank Bruce Robinson. Papers, 1929-1951, University of Idaho Library Special Collections and Archives",https://archiveswest.orbiscascade.org/ark:/80444/xv97133/op=fstyle.aspx?t=k&q=psychiana,"MG-101, Box 7, Folder 23",mg101_b7_f23_043,"Educational use includes non-commercial use of text and images in materials for teaching and research purposes. Digital reproduction permissions granted by University of Idaho Library Special Collections and Archives Department. For other uses beyond free use, please contact University of Idaho Library Special Collections and Archives Department at libspec@uidaho.edu.",https://rightsstatements.org/vocab/InC-EDU/1.0/,Text,application/pdf,eng,https://archiveswest.orbiscascade.org/ark:/80444/xv97133/op=fstyle.aspx?t=k&q=psychiana,pdf,https://www.lib.uidaho.edu/collectionbuilder/demo-objects/mg101_b7_f23_043.pdf,https://www.lib.uidaho.edu/collectionbuilder/demo-objects/small/mg101_b7_f23_043_sm.jpg,https://www.lib.uidaho.edu/collectionbuilder/demo-objects/thumbs/mg101_b7_f23_043_th.jpg
psychiana046,The New Psychiana,1945,yes,,new members,Flyer announcing Frank B. Robinson's new Lessons.,multiple-page; flyers,Doomed; Atomic War; Hiroshima; Civilizations; World War,,,,,"University of Idaho Library Digital Initiatives, https://www.lib.uidaho.edu/digital/","MG 101, Frank Bruce Robinson. Papers, 1929-1951, University of Idaho Library Special Collections and Archives",https://archiveswest.orbiscascade.org/ark:/80444/xv97133/op=fstyle.aspx?t=k&q=psychiana,"MG-101, Box 7, Folder 23",mg101_b7_f23_044,"Educational use includes non-commercial use of text and images in materials for teaching and research purposes. Digital reproduction permissions granted University of Idaho Library Special Collections and Archives Department. For other uses beyond free use, please contact University of Idaho Library Special Collections and Archives Department at libspec@uidaho.edu.",https://rightsstatements.org/vocab/InC-EDU/1.0/,Text,application/pdf,eng,https://archiveswest.orbiscascade.org/ark:/80444/xv97133/op=fstyle.aspx?t=k&q=psychiana,pdf,https://www.lib.uidaho.edu/collectionbuilder/demo-objects/mg101_b7_f23_044.pdf,https://www.lib.uidaho.edu/collectionbuilder/demo-objects/small/mg101_b7_f23_044_sm.jpg,https://www.lib.uidaho.edu/collectionbuilder/demo-objects/thumbs/mg101_b7_f23_044_th.jpg
psychiana047,Several portrait photographs of a younger Frank B. Robinson,1902,yes,,,"Three portrait photographs of a young Frank B. Robinson, two of which have been cut out, wearing the same suit but posing differently in each photograph. 'Age 16' written in pencil in white space.",single-page; photographs,Portraits; Young Frank B. Robinson,,,,,"University of Idaho Library Digital Initiatives, https://www.lib.uidaho.edu/digital/","MG 101, Frank Bruce Robinson. Papers, 1929-1951, University of Idaho Library Special Collections and Archives",https://archiveswest.orbiscascade.org/ark:/80444/xv97133/op=fstyle.aspx?t=k&q=psychiana,"MG-101, Box 6, Folder - 'Photographs'",mg101_b6_photographs_03,"Educational use includes non-commercial use of text and images in materials for teaching and research purposes. Digital reproduction permissions granted by University of Idaho Library Special Collections and Archives Department. For other uses beyond free use, please contact University of Idaho Library Special Collections and Archives Department at libspec@uidaho.edu.",https://rightsstatements.org/vocab/InC-EDU/1.0/,Image;StillImage,image/jpeg,eng,https://archiveswest.orbiscascade.org/ark:/80444/xv97133/op=fstyle.aspx?t=k&q=psychiana,image,https://www.lib.uidaho.edu/collectionbuilder/demo-objects/mg101_b6_photographs_03.jpg,https://www.lib.uidaho.edu/collectionbuilder/demo-objects/small/mg101_b6_photographs_03_sm.jpg,https://www.lib.uidaho.edu/collectionbuilder/demo-objects/thumbs/mg101_b6_photographs_03_th.jpg
psychiana048,Signed portrait of Tommy Burns at age 27 mailed to Frank B. Robinson,1942,yes,,,"Signed portrait of world heavyweight boxing champion Tommy Burns at the age of 27, wearing his heavyweight belt with a personal note to Frank B. Robinson on back.",single-page; photographs,Tommy Burns; Celebrity Friends,,,,,"University of Idaho Library Digital Initiatives, https://www.lib.uidaho.edu/digital/","MG 101, Frank Bruce Robinson. Papers, 1929-1951, University of Idaho Library Special Collections and Archives",https://archiveswest.orbiscascade.org/ark:/80444/xv97133/op=fstyle.aspx?t=k&q=psychiana,"MG-101, Box 6, Folder - 'Robinson & Friends'",mg101_b6_robinson_friends_015,"Educational use includes non-commercial use of text and images in materials for teaching and research purposes. Digital reproduction permissions granted by University of Idaho Library Special Collections and Archives Department. For other uses beyond free use, please contact University of Idaho Library Special Collections and Archives Department at libspec@uidaho.edu.",https://rightsstatements.org/vocab/InC-EDU/1.0/,Image;StillImage,image/jpeg,eng,https://archiveswest.orbiscascade.org/ark:/80444/xv97133/op=fstyle.aspx?t=k&q=psychiana,image,https://www.lib.uidaho.edu/collectionbuilder/demo-objects/mg101_b6_robinson_friends_015.jpg,https://www.lib.uidaho.edu/collectionbuilder/demo-objects/small/mg101_b6_robinson_friends_015_sm.jpg,https://www.lib.uidaho.edu/collectionbuilder/demo-objects/thumbs/mg101_b6_robinson_friends_015_th.jpg
psychiana049,A Sacred Trust,1933,yes,"Tenney, C.W.",members,A single-page notice sent to members asking that they direct their thoughts to Hitler and to say 'YOU ARE OPPOSING THE SPIRIT OF GOD-YOU WILL LOSE.',single-page; notices,Trust; Tenney; Duty; World War; Spirit of God; Psychiana Affirmations,,,,,University of Idaho Library Digital Initiatives - https://www.lib.uidaho.edu/digital/,"MG 101, Frank Bruce Robinson. Papers, 1929-1951, University of Idaho Library Special Collections and Archives",https://archiveswest.orbiscascade.org/ark:/80444/xv97133/op=fstyle.aspx?t=k&q=psychiana,"MG-101, Box 7, Folder 23",mg101_b7_f23_047,"Educational use includes non-commercial use of text and images in materials for teaching and research purposes. Digital reproduction permissions granted by University of Idaho Library Special Collections and Archives Department. For other uses beyond free use, please contact University of Idaho Library Special Collections and Archives Department at libspec@uidaho.edu.",https://rightsstatements.org/vocab/InC-EDU/1.0/,Text,application/pdf,eng,https://archiveswest.orbiscascade.org/ark:/80444/xv97133/op=fstyle.aspx?t=k&q=psychiana,pdf,https://www.lib.uidaho.edu/collectionbuilder/demo-objects/mg101_b7_f23_047.pdf,https://www.lib.uidaho.edu/collectionbuilder/demo-objects/small/mg101_b7_f23_047_sm.jpg,https://www.lib.uidaho.edu/collectionbuilder/demo-objects/thumbs/mg101_b7_f23_047_th.jpg
psychiana050,A Special Offer to our Members ONLY!,1949,yes,,members,A single-page advertisement and detachable order form at the bottom. Members offered a 28 1/2% discount for three of Frank B. Robinsons books.,single-page; advertisements,Offer; Members; Discount; Robinson's Books,,,,,"University of Idaho Library Digital Initiatives, https://www.lib.uidaho.edu/digital/","MG 101, Frank Bruce Robinson. Papers, 1929-1951, University of Idaho Library Special Collections and Archives",https://archiveswest.orbiscascade.org/ark:/80444/xv97133/op=fstyle.aspx?t=k&q=psychiana,"MG-101, Box 7, Folder 23",mg101_b7_f23_048,"Educational use includes non-commercial use of text and images in materials for teaching and research purposes. Digital reproduction permissions granted by University of Idaho Library Special Collections and Archives Department. For other uses beyond free use, please contact University of Idaho Library Special Collections and Archives Department at libspec@uidaho.edu.",https://rightsstatements.org/vocab/InC-EDU/1.0/,Text,application/pdf,eng,https://archiveswest.orbiscascade.org/ark:/80444/xv97133/op=fstyle.aspx?t=k&q=psychiana,pdf,https://www.lib.uidaho.edu/collectionbuilder/demo-objects/mg101_b7_f23_048.pdf,https://www.lib.uidaho.edu/collectionbuilder/demo-objects/small/mg101_b7_f23_048_sm.jpg,https://www.lib.uidaho.edu/collectionbuilder/demo-objects/thumbs/mg101_b7_f23_048_th.jpg
psychiana051,Psychiana What It Is,1935,yes,"Psychiana, Inc.",,Flyer details the story of Psychiana and Robinson's life on the front. The back includes articles about Latah County farmers asking for loans and statements about how Psychiana has enriched the lives of students.,multiple-page; flyers,Psychiana Origin; Robinson's Life; Latah County; Psychiana Growth; Success; Farmers,,,,,"University of Idaho Library Digital Initiatives, https://www.lib.uidaho.edu/digital/","MG 101, Frank Bruce Robinson. Papers, 1929-1951, University of Idaho Library Special Collections and Archives",https://archiveswest.orbiscascade.org/ark:/80444/xv97133/op=fstyle.aspx?t=k&q=psychiana,"MG-101, Box 7, Folder 26",mg101_b7_f26_002,"Educational use includes non-commercial use of text and images in materials for teaching and research purposes. Digital reproduction permissions granted by University of Idaho Library Special Collections and Archives Department. For other uses beyond free use, please contact University of Idaho Library Special Collections and Archives Department at libspec@uidaho.edu.",https://rightsstatements.org/vocab/InC-EDU/1.0/,Text,application/pdf,eng,https://archiveswest.orbiscascade.org/ark:/80444/xv97133/op=fstyle.aspx?t=k&q=psychiana,pdf,https://www.lib.uidaho.edu/collectionbuilder/demo-objects/mg101_b7_f26_002.pdf,https://www.lib.uidaho.edu/collectionbuilder/demo-objects/small/mg101_b7_f26_002_sm.jpg,https://www.lib.uidaho.edu/collectionbuilder/demo-objects/thumbs/mg101_b7_f26_002_th.jpg
psychiana052,I Want You to Find the Almighty Power of God and You Can Right Here on Earth,1944,yes,"Psychiana, Inc.",,Flyer includes illustration of Robinson as iconic 'Uncle Sam' with electric bolts around title. Copy states Robinson wants 'you' to discover a Power that brings prosperity.,single-page; flyers,God-Power; Electricity; Uncle Sam; Success,,,,,"University of Idaho Library Digital Initiatives, https://www.lib.uidaho.edu/digital/","MG 101, Frank Bruce Robinson. Papers, 1929-1951, University of Idaho Library Special Collections and Archives",https://archiveswest.orbiscascade.org/ark:/80444/xv97133/op=fstyle.aspx?t=k&q=psychiana,"MG-101, Box 7, Folder 26",mg101_b7_f26_015,"Educational use includes non-commercial use of text and images in materials for teaching and research purposes. Digital reproduction permissions granted by University of Idaho Library Special Collections and Archives Department. For other uses beyond free use, please contact University of Idaho Library Special Collections and Archives Department at libspec@uidaho.edu.",https://rightsstatements.org/vocab/InC-EDU/1.0/,Text,application/pdf,eng,https://archiveswest.orbiscascade.org/ark:/80444/xv97133/op=fstyle.aspx?t=k&q=psychiana,pdf,https://www.lib.uidaho.edu/collectionbuilder/demo-objects/mg101_b7_f26_015.pdf,https://www.lib.uidaho.edu/collectionbuilder/demo-objects/small/mg101_b7_f26_015_sm.jpg,https://www.lib.uidaho.edu/collectionbuilder/demo-objects/thumbs/mg101_b7_f26_015_th.jpg
psychiana053,Thank God for the Atom-Bomb,1946,yes,"Psychiana, Inc.",,Flyer claims the atom bomb is the first scientific proof of a power that lives in people. Also claims this 'POWER POWER POWER' comes from talking to God.,single-page; flyers,Atom Bomb; God-Power; Science and Science and Technology; Talking with God,,,,,"University of Idaho Library Digital Initiatives, https://www.lib.uidaho.edu/digital/","MG 101, Frank Bruce Robinson. Papers, 1929-1951, University of Idaho Library Special Collections and Archives",https://archiveswest.orbiscascade.org/ark:/80444/xv97133/op=fstyle.aspx?t=k&q=psychiana,"MG-101, Box 7, Folder 26",mg101_b7_f26_016,"Educational use includes non-commercial use of text and images in materials for teaching and research purposes. Digital reproduction permissions granted University of Idaho Library Special Collections and Archives Department. For other uses beyond free use, please contact University of Idaho Library Special Collections and Archives Department at libspec@uidaho.edu.",https://rightsstatements.org/vocab/InC-EDU/1.0/,Text,application/pdf,eng,https://archiveswest.orbiscascade.org/ark:/80444/xv97133/op=fstyle.aspx?t=k&q=psychiana,pdf,https://www.lib.uidaho.edu/collectionbuilder/demo-objects/mg101_b7_f26_016.pdf,https://www.lib.uidaho.edu/collectionbuilder/demo-objects/small/mg101_b7_f26_016_sm.jpg,https://www.lib.uidaho.edu/collectionbuilder/demo-objects/thumbs/mg101_b7_f26_016_th.jpg
psychiana054,The Power of God Can Give To You New Life,1944,yes,"Psychiana, Inc.",,Flyer claims Psychiana lessons will bring new life to students and can provide Allied forces with power to win World War II. Also states churches have never revealed this Power.,single-page; flyers,God-Power; World War; Allied Forces,,,,,"University of Idaho Library Digital Initiatives, https://www.lib.uidaho.edu/digital/","MG 101, Frank Bruce Robinson. Papers, 1929-1951, University of Idaho Library Special Collections and Archives",https://archiveswest.orbiscascade.org/ark:/80444/xv97133/op=fstyle.aspx?t=k&q=psychiana,"MG-101, Box 7, Folder 26",mg101_b7_f26_044,"Educational use includes non-commercial use of text and images in materials for teaching and research purposes. Digital reproduction permissions granted University of Idaho Library Special Collections and Archives Department. For other uses beyond free use, please contact University of Idaho Library Special Collections and Archives Department at libspec@uidaho.edu.",https://rightsstatements.org/vocab/InC-EDU/1.0/,Text,application/pdf,eng,https://archiveswest.orbiscascade.org/ark:/80444/xv97133/op=fstyle.aspx?t=k&q=psychiana,pdf,https://www.lib.uidaho.edu/collectionbuilder/demo-objects/mg101_b7_f26_044.pdf,https://www.lib.uidaho.edu/collectionbuilder/demo-objects/small/mg101_b7_f26_044_sm.jpg,https://www.lib.uidaho.edu/collectionbuilder/demo-objects/thumbs/mg101_b7_f26_044_th.jpg
psychiana055,"The Power of God, the Power of God, the Power of God",1944,yes,"Psychiana, Inc.",,"Flyer proclaims the discovery of the Power of God, which is available to anyone at any time through Psychiana Lessons. Also criticizes orthodox doctrine that God was crucified.",single-page; flyers,Crucified God; Criticizing Orthodox Religion; God-Power,,,,,"University of Idaho Library Digital Initiatives, https://www.lib.uidaho.edu/digital/","MG 101, Frank Bruce Robinson. Papers, 1929-1951, University of Idaho Library Special Collections and Archives",https://archiveswest.orbiscascade.org/ark:/80444/xv97133/op=fstyle.aspx?t=k&q=psychiana,"MG-101, Box 7, Folder 26",mg101_b7_f26_046,"Educational use includes non-commercial use of text and images in materials for teaching and research purposes. Digital reproduction permissions granted University of Idaho Library Special Collections and Archives Department. For other uses beyond free use, please contact University of Idaho Library Special Collections and Archives Department at libspec@uidaho.edu.",https://rightsstatements.org/vocab/InC-EDU/1.0/,Text,application/pdf,eng,https://archiveswest.orbiscascade.org/ark:/80444/xv97133/op=fstyle.aspx?t=k&q=psychiana,pdf,https://www.lib.uidaho.edu/collectionbuilder/demo-objects/mg101_b7_f26_046.pdf,https://www.lib.uidaho.edu/collectionbuilder/demo-objects/small/mg101_b7_f26_046_sm.jpg,https://www.lib.uidaho.edu/collectionbuilder/demo-objects/thumbs/mg101_b7_f26_046_th.jpg
psychiana056,Your Chance To Obtain the Full Original 'Psychiana' Teaching of Dr. Frank B. Robinson,1930/1950,yes,"Psychiana, Inc.",,Small card advertises Psychiana original 10 lesson course for only 4.98 and includes order form.,single-page; offers,Lessons; Costs,,,,,"University of Idaho Library Digital Initiatives, https://www.lib.uidaho.edu/digital/","MG 101, Frank Bruce Robinson. Papers, 1929-1951, University of Idaho Library Special Collections and Archives",https://archiveswest.orbiscascade.org/ark:/80444/xv97133/op=fstyle.aspx?t=k&q=psychiana,"MG-101, Box 7, Folder 26",mg101_b7_f26_099,"Educational use includes non-commercial use of text and images in materials for teaching and research purposes. Digital reproduction permissions granted University of Idaho Library Special Collections and Archives Department. For other uses beyond free use, please contact University of Idaho Library Special Collections and Archives Department at libspec@uidaho.edu.",https://rightsstatements.org/vocab/InC-EDU/1.0/,Text,application/pdf,eng,https://archiveswest.orbiscascade.org/ark:/80444/xv97133/op=fstyle.aspx?t=k&q=psychiana,pdf,https://www.lib.uidaho.edu/collectionbuilder/demo-objects/mg101_b7_f26_099.pdf,https://www.lib.uidaho.edu/collectionbuilder/demo-objects/small/mg101_b7_f26_099_sm.jpg,https://www.lib.uidaho.edu/collectionbuilder/demo-objects/thumbs/mg101_b7_f26_099_th.jpg
psychiana057,Psychiana Spiritual Blitzkrieg button,1940,yes,,,"A button featuring an illustration of Hitler and a quote: 'Believing that right is superior to brute force, I am helping to bring Hitler's defeat by repeating hourly, the power of right (God) will bring your speedy downfall.'",single-page; buttons (information artifacts),"Hitler; Prayer; Moscow, Idaho; Blitzkrieg",,,,,"University of Idaho Library Digital Initiatives, https://www.lib.uidaho.edu/digital/","MG 101, Frank Bruce Robinson. Papers, 1929-1951, University of Idaho Library Special Collections and Archives",https://archiveswest.orbiscascade.org/ark:/80444/xv97133/op=fstyle.aspx?t=k&q=psychiana,"MG-101, Box 7, Folder 11",mg101_b7_f11_042,"Educational use includes non-commercial use of text and images in materials for teaching and research purposes. Digital reproduction permissions granted by University of Idaho Library Special Collections and Archives Department. For other uses beyond free use, please contact University of Idaho Library Special Collections and Archives Department at libspec@uidaho.edu.",https://rightsstatements.org/vocab/InC-EDU/1.0/,Text,application/pdf,eng,https://archiveswest.orbiscascade.org/ark:/80444/xv97133/op=fstyle.aspx?t=k&q=psychiana,pdf,https://www.lib.uidaho.edu/collectionbuilder/demo-objects/mg101_b7_f11_042.pdf,https://www.lib.uidaho.edu/collectionbuilder/demo-objects/small/mg101_b7_f11_042_sm.jpg,https://www.lib.uidaho.edu/collectionbuilder/demo-objects/thumbs/mg101_b7_f11_042_th.jpg
psychiana058,Peace of Mind,1928/1950,,"Psychiana, Inc.",,Flyer includes an illustration of Jesus Christ and quotes the Bible. Discusses solving people's problems with God-Power and includes testimonials on the reverse page.,multiple-page; flyers,Jesus Christ; God-Power; Problems; Material Abundance,,,,,"University of Idaho Library Digital Initiatives, https://www.lib.uidaho.edu/digital/","MG 101, Frank Bruce Robinson. Papers, 1929-1951, University of Idaho Library Special Collections and Archives",https://archiveswest.orbiscascade.org/ark:/80444/xv97133/op=fstyle.aspx?t=k&q=psychiana,"MG-101, Box 7, Folder 26",mg101_b7_f26_111,"Educational use includes non-commercial use of text and images in materials for teaching and research purposes. Digital reproduction permissions granted by University of Idaho Library Special Collections and Archives Department. For other uses beyond free use, please contact University of Idaho Library Special Collections and Archives Department at libspec@uidaho.edu.",https://rightsstatements.org/vocab/InC-EDU/1.0/,Text,application/pdf,eng,https://archiveswest.orbiscascade.org/ark:/80444/xv97133/op=fstyle.aspx?t=k&q=psychiana,pdf,https://www.lib.uidaho.edu/collectionbuilder/demo-objects/mg101_b7_f26_111.pdf,https://www.lib.uidaho.edu/collectionbuilder/demo-objects/small/mg101_b7_f26_111_sm.jpg,https://www.lib.uidaho.edu/collectionbuilder/demo-objects/thumbs/mg101_b7_f26_111_th.jpg
psychiana059,I Talked With God,1946,,"Robinson, Frank B.",,Clipping of an article in which Robinson discusses how he talks directly God and how God comes to us. Numbered advertisement 3543-46.,single-page; clippings,Atom Bomb; God-Power; Talk with God,"Spokane, WA",47.65557,-117.419063,,"University of Idaho Library Digital Initiatives, https://www.lib.uidaho.edu/digital/","MG 101, Frank Bruce Robinson. Papers, 1929-1951, University of Idaho Library Special Collections and Archives",https://archiveswest.orbiscascade.org/ark:/80444/xv97133/op=fstyle.aspx?t=k&q=psychiana,"MG-101, Box 7, Folder 26",mg101_b7_f26_114,"Educational use includes non-commercial use of text and images in materials for teaching and research purposes. Digital reproduction permissions granted by University of Idaho Library Special Collections and Archives Department. For other uses beyond free use, please contact University of Idaho Library Special Collections and Archives Department at libspec@uidaho.edu.",https://rightsstatements.org/vocab/InC-EDU/1.0/,Text,application/pdf,eng,https://archiveswest.orbiscascade.org/ark:/80444/xv97133/op=fstyle.aspx?t=k&q=psychiana,pdf,https://www.lib.uidaho.edu/collectionbuilder/demo-objects/mg101_b7_f26_114.pdf,https://www.lib.uidaho.edu/collectionbuilder/demo-objects/small/mg101_b7_f26_114_sm.jpg,https://www.lib.uidaho.edu/collectionbuilder/demo-objects/thumbs/mg101_b7_f26_114_th.jpg
psychiana060,"The Sky is Red, for Protestant ministers",1930/1950,yes,"Robinson, Frank B.",,Lecture addressed to Protestant ministers about the dire nature of the church and its doctrine.,multiple-page; lectures,Criticizing Orthodox Religion; Church in Decline; Jesus Christ,,,,,"University of Idaho Library Digital Initiatives, https://www.lib.uidaho.edu/digital/","MG 101, Frank Bruce Robinson. Papers, 1929-1951, University of Idaho Library Special Collections and Archives",https://archiveswest.orbiscascade.org/ark:/80444/xv97133/op=fstyle.aspx?t=k&q=psychiana,"MG-101, Box 7, Folder 26",mg101_b7_f26_117,"Educational use includes non-commercial use of text and images in materials for teaching and research purposes. Digital reproduction permissions granted University of Idaho Library Special Collections and Archives Department. For other uses beyond free use, please contact University of Idaho Library Special Collections and Archives Department at libspec@uidaho.edu.",https://rightsstatements.org/vocab/InC-EDU/1.0/,Text,application/pdf,eng,https://archiveswest.orbiscascade.org/ark:/80444/xv97133/op=fstyle.aspx?t=k&q=psychiana,pdf,https://www.lib.uidaho.edu/collectionbuilder/demo-objects/mg101_b7_f26_117.pdf,https://www.lib.uidaho.edu/collectionbuilder/demo-objects/small/mg101_b7_f26_117_sm.jpg,https://www.lib.uidaho.edu/collectionbuilder/demo-objects/thumbs/mg101_b7_f26_117_th.jpg
psychiana061,Death to the Axis,1942,yes,,,Single-page form notice asks that the reader send in for the two free booklets now. Frank B. Robinson tells how he was a failure before he talked with God and now he has all his needs met.,single-page; notices,Hitler; Mussolini; Hirohito; Axis; World War,,,,,University of Idaho Library Digital Initiatives - https://www.lib.uidaho.edu/digital/,"MG 101, Frank Bruce Robinson. Papers, 1929-1951, University of Idaho Library Special Collections and Archives",https://archiveswest.orbiscascade.org/ark:/80444/xv97133/op=fstyle.aspx?t=k&q=psychiana,"MG-101, Box 7, Folder 31",mg101_b7_f31_003,"Educational use includes non-commercial use of text and images in materials for teaching and research purposes. Digital reproduction permissions granted by University of Idaho Library Special Collections and Archives Department. For other uses beyond free use, please contact University of Idaho Library Special Collections and Archives Department at libspec@uidaho.edu.",https://rightsstatements.org/vocab/InC-EDU/1.0/,Text,application/pdf,eng,https://archiveswest.orbiscascade.org/ark:/80444/xv97133/op=fstyle.aspx?t=k&q=psychiana,pdf,https://www.lib.uidaho.edu/collectionbuilder/demo-objects/mg101_b7_f31_003.pdf,https://www.lib.uidaho.edu/collectionbuilder/demo-objects/small/mg101_b7_f31_003_sm.jpg,https://www.lib.uidaho.edu/collectionbuilder/demo-objects/thumbs/mg101_b7_f31_003_th.jpg
psychiana062,Tack this up in your kitchen,1941,yes,,,"Flyer includes illustrations of Hitler and Mussolini, reminding Psychiana students to say an affirmation and use the Spirit of God against injustice.",single-page; flyers,Spirit of God; Psychiana Affirmations; Hitler; Mussolini,,,,,"University of Idaho Library Digital Initiatives, https://www.lib.uidaho.edu/digital/","MG 101, Frank Bruce Robinson. Papers, 1929-1951, University of Idaho Library Special Collections and Archives",https://archiveswest.orbiscascade.org/ark:/80444/xv97133/op=fstyle.aspx?t=k&q=psychiana,"MG-101, Box 7, Folder 31",mg101_b7_f31_022,"Educational use includes non-commercial use of text and images in materials for teaching and research purposes. Digital reproduction permissions granted University of Idaho Library Special Collections and Archives Department. For other uses beyond free use, please contact University of Idaho Library Special Collections and Archives Department at libspec@uidaho.edu.",https://rightsstatements.org/vocab/InC-EDU/1.0/,Text,application/pdf,eng,https://archiveswest.orbiscascade.org/ark:/80444/xv97133/op=fstyle.aspx?t=k&q=psychiana,pdf,https://www.lib.uidaho.edu/collectionbuilder/demo-objects/mg101_b7_f31_022.pdf,https://www.lib.uidaho.edu/collectionbuilder/demo-objects/small/mg101_b7_f31_022_sm.jpg,https://www.lib.uidaho.edu/collectionbuilder/demo-objects/thumbs/mg101_b7_f31_022_th.jpg
psychiana063,Marilyn Allen's Challenge,1942,yes,"Allen, Marilyn R.",,Advertisement depicts a man in a suit holding bags of money and a challenge to those that that think God and Right can bring Hitler to his knees. Also includes a letter about Psychiana's need for money in a campaign called ''Blitzkrieg' for God.' Includes a 'Blitzkrieg Campaign' button pin with an illustration of Hitler.,multiple-page; advertisements,Donations; Blitzkrieg; Hitler; Success; World War; Illustrations,,,,,"University of Idaho Library Digital Initiatives, https://www.lib.uidaho.edu/digital/","MG 101, Frank Bruce Robinson. Papers, 1929-1951, University of Idaho Library Special Collections and Archives",https://archiveswest.orbiscascade.org/ark:/80444/xv97133/op=fstyle.aspx?t=k&q=psychiana,"MG-101, Box 7, Folder 31",mg101_b7_f31_023,"Educational use includes non-commercial use of text and images in materials for teaching and research purposes. Digital reproduction permissions granted by University of Idaho Library Special Collections and Archives Department. For other uses beyond free use, please contact University of Idaho Library Special Collections and Archives Department at libspec@uidaho.edu.",https://rightsstatements.org/vocab/InC-EDU/1.0/,Text,application/pdf,eng,https://archiveswest.orbiscascade.org/ark:/80444/xv97133/op=fstyle.aspx?t=k&q=psychiana,pdf,https://www.lib.uidaho.edu/collectionbuilder/demo-objects/mg101_b7_f31_023.pdf,https://www.lib.uidaho.edu/collectionbuilder/demo-objects/small/mg101_b7_f31_023_sm.jpg,https://www.lib.uidaho.edu/collectionbuilder/demo-objects/thumbs/mg101_b7_f31_023_th.jpg
psychiana064,It Took the Manifestation of Adolf Hitler,1942,yes,,,Flyer that claims the appearance of Hitler and Nazi Germany will lead to the revelation of Psychiana to all peoples of the world.,single-page; flyers,Hitler; Spirit of God; Prayer; Speak Into Existence; Psychiana Affirmations,,,,,"University of Idaho Library Digital Initiatives, https://www.lib.uidaho.edu/digital/","MG 101, Frank Bruce Robinson. Papers, 1929-1951, University of Idaho Library Special Collections and Archives",https://archiveswest.orbiscascade.org/ark:/80444/xv97133/op=fstyle.aspx?t=k&q=psychiana,"MG-101, Box 7, Folder 31",mg101_b7_f31_026,"Educational use includes non-commercial use of text and images in materials for teaching and research purposes. Digital reproduction permissions granted by University of Idaho Library Special Collections and Archives Department. For other uses beyond free use, please contact University of Idaho Library Special Collections and Archives Department at libspec@uidaho.edu.",https://rightsstatements.org/vocab/InC-EDU/1.0/,Text,application/pdf,eng,https://archiveswest.orbiscascade.org/ark:/80444/xv97133/op=fstyle.aspx?t=k&q=psychiana,pdf,https://www.lib.uidaho.edu/collectionbuilder/demo-objects/mg101_b7_f31_026.pdf,https://www.lib.uidaho.edu/collectionbuilder/demo-objects/small/mg101_b7_f31_026_sm.jpg,https://www.lib.uidaho.edu/collectionbuilder/demo-objects/thumbs/mg101_b7_f31_026_th.jpg
psychiana065,Coming to Portland,1934-11-29,,,,"Alternative flyer advertising speeches by Robinson at the Psychiana National Convention in Portland, OR. Includes a portion of text describing the event, including speech, meet-and-greet, etc.",single-page; flyers,Portland; God-Realm; God-Law,"Portland, OR",45.57872,-122.71349,,University of Idaho Library Digital Initiatives - https://www.lib.uidaho.edu/digital/,"MG 101, Frank Bruce Robinson. Papers, 1929-1951, University of Idaho Library Special Collections and Archives",https://archiveswest.orbiscascade.org/ark:/80444/xv97133/op=fstyle.aspx?t=k&q=psychiana,"MG-101, Box 7, Folder 32",mg101_b7_f32_003,"Educational use includes non-commercial use of text and images in materials for teaching and research purposes. Digital reproduction permissions granted by University of Idaho Library Special Collections and Archives Department. For other uses beyond free use, please contact University of Idaho Library Special Collections and Archives Department at libspec@uidaho.edu.",https://rightsstatements.org/vocab/InC-EDU/1.0/,Text,application/pdf,eng,https://archiveswest.orbiscascade.org/ark:/80444/xv97133/op=fstyle.aspx?t=k&q=psychiana,pdf,https://www.lib.uidaho.edu/collectionbuilder/demo-objects/mg101_b7_f32_003.pdf,https://www.lib.uidaho.edu/collectionbuilder/demo-objects/small/mg101_b7_f32_003_sm.jpg,https://www.lib.uidaho.edu/collectionbuilder/demo-objects/thumbs/mg101_b7_f32_003_th.jpg
psychiana066,William Walter DeBolt at his Desk,1938,yes,,,"Photograph of W.W. DeBolt sitting at his desk beside a Dictaphone and typewriter with several stacks of paper and a hardback book with Frank B. Robinson's face on the cover. [Later illustrations of this man on Psychiana documents may indicate this is actually C.W. Tenney, and was mislabeled.]",single-page; photographs,Psychiana Headquarters; Psychiana Staff; W.W. DeBolt,,,,,"University of Idaho Library Digital Initiatives, https://www.lib.uidaho.edu/digital/","MG 101, Frank Bruce Robinson. Papers, 1929-1951, University of Idaho Library Special Collections and Archives",https://archiveswest.orbiscascade.org/ark:/80444/xv97133/op=fstyle.aspx?t=k&q=psychiana,"MG-101, Box 6, Folder - 'Psychiana Photographs'",mg101_b6_psychiana_photographs_012,"Educational use includes non-commercial use of text and images in materials for teaching and research purposes. Digital reproduction permissions granted University of Idaho Library Special Collections and Archives Department. For other uses beyond free use, please contact University of Idaho Library Special Collections and Archives Department at libspec@uidaho.edu.",https://rightsstatements.org/vocab/InC-EDU/1.0/,Image;StillImage,image/jpeg,eng,https://archiveswest.orbiscascade.org/ark:/80444/xv97133/op=fstyle.aspx?t=k&q=psychiana,image,https://www.lib.uidaho.edu/collectionbuilder/demo-objects/mg101_b6_psychiana_photographs_012.jpg,https://www.lib.uidaho.edu/collectionbuilder/demo-objects/small/mg101_b6_psychiana_photographs_012_sm.jpg,https://www.lib.uidaho.edu/collectionbuilder/demo-objects/thumbs/mg101_b6_psychiana_photographs_012_th.jpg
psychiana067,Dr. Frank B. Robinson Speaking to Packed House,1934-05-01,,,,Flyer with large photograph of Robinson giving a speech to a full auditorium. Text follows regarding Robinson 'usually' filling the 'largest auditoriums whenever he speaks' and his waxing popularity.,single-page; flyers,Spokane; Auditorium,"Los Angeles, CA",34.054709,-118.261773,,University of Idaho Library Digital Initiatives - https://www.lib.uidaho.edu/digital/,"MG 101, Frank Bruce Robinson. Papers, 1929-1951, University of Idaho Library Special Collections and Archives",https://archiveswest.orbiscascade.org/ark:/80444/xv97133/op=fstyle.aspx?t=k&q=psychiana,"MG-101, Box 7, Folder 32",mg101_b7_f32_006,"Educational use includes non-commercial use of text and images in materials for teaching and research purposes. Digital reproduction permissions granted by University of Idaho Library Special Collections and Archives Department. For other uses beyond free use, please contact University of Idaho Library Special Collections and Archives Department at libspec@uidaho.edu.",https://rightsstatements.org/vocab/InC-EDU/1.0/,Text,application/pdf,eng,https://archiveswest.orbiscascade.org/ark:/80444/xv97133/op=fstyle.aspx?t=k&q=psychiana,pdf,https://www.lib.uidaho.edu/collectionbuilder/demo-objects/mg101_b7_f32_006.pdf,https://www.lib.uidaho.edu/collectionbuilder/demo-objects/small/mg101_b7_f32_006_sm.jpg,https://www.lib.uidaho.edu/collectionbuilder/demo-objects/thumbs/mg101_b7_f32_006_th.jpg